bit_width,intervention_id,pair_id,role,target_domain,layer,expert_id,domain,is_target_domain,examples,evaluated_tokens,baseline_nll,quantized_nll,delta_nll,delta_nll_ci_low,delta_nll_ci_high,normalized_relative_delta_nll,relative_delta_percent,positive_delta_example_fraction,routing_coverage,routing_frequency,functional_importance,functional_rank,quantization_distortion,risk_functional,risk_routing,effective_bits_per_weight,projected_bytes,compression_ratio_vs_bf16,bootstrap_replicates
4,specialist_general_L13_E52,general_L13_E52,specialist,general,13,52,general,True,100,6400,2.991833852529526,2.9928743088245393,0.0010404562950134277,0.0002120723724365235,0.0018761919140815732,0.000347765399517004,0.0347765399517004,0.48,0.365625,0.045703125,0.07668137589970109,1.0,0.013894860693057462,0.0010654770358783205,0.0006350385551123918,4.125,3244032,3.878787878787879,1000
4,specialist_general_L13_E52,general_L13_E52,specialist,general,13,52,math,False,100,6400,2.2662287080287933,2.2662520027160644,2.3294687271118164e-05,-6.39493465423584e-05,0.00011669135093688965,1.0279054002179818e-05,0.0010279054002179818,0.09,0.01078125,0.00134765625,0.0007621278707831914,63.0,0.013894860693057462,1.0589660594828942e-05,1.872549585587822e-05,4.125,3244032,3.878787878787879,1000
4,specialist_general_L13_E52,general_L13_E52,specialist,general,13,52,coding,False,100,6400,1.7902204298973083,1.7902112019062042,-9.227991104125976e-06,-2.768397331237793e-05,0.0,-5.1546675202758785e-06,-0.0005154667520275879,0.0,0.00015625,1.953125e-05,3.4419175570423848e-06,64.0,0.013894860693057462,4.78249649720926e-08,2.713839979112786e-07,4.125,3244032,3.878787878787879,1000
4,specialist_general_L13_E52,general_L13_E52,specialist,general,13,52,reasoning,False,100,6400,1.9561886489391327,1.9561108100414275,-7.783889770507813e-05,-0.00028567984700202944,0.0001333541572093963,-3.9791099773169224e-05,-0.003979109977316922,0.13,0.0228125,0.0028515625,0.002584254803806199,54.0,0.013894860693057462,3.590786049425168e-05,3.962206369504667e-05,4.125,3244032,3.878787878787879,1000
4,control_general_L13_E52_L13_E36,general_L13_E52,control,general,13,36,general,True,100,6400,2.991833852529526,2.991715062856674,-0.0001187896728515625,-0.0006980166733264923,0.00042105284333229066,-3.970463558700915e-05,-0.003970463558700915,0.56,0.230625,0.028828125,0.029217834704552192,5.0,0.015092504026784224,0.0004409702879323698,0.00043508859264713897,4.125,3244032,3.878787878787879,1000
4,control_general_L13_E52_L13_E36,general_L13_E52,control,general,13,36,math,False,100,6400,2.2662287080287933,2.266068089008331,-0.00016061902046203612,-0.0006132648587226868,0.0002947089076042175,-7.087502682010653e-05,-0.007087502682010654,0.4,0.2178125,0.0272265625,0.027587082382760197,12.0,0.015092504026784224,0.0004163581519490364,0.0004109170041667423,4.125,3244032,3.878787878787879,1000
4,control_general_L13_E52_L13_E36,general_L13_E52,control,general,13,36,coding,False,100,6400,1.7902204298973083,1.7904529428482057,0.0002325129508972168,-1.008063554763794e-05,0.0004688812792301177,0.0001298795092571669,0.012987950925716692,0.24,0.00703125,0.00087890625,0.0006867516887705435,50.0,0.015092504026784224,1.0364802628170294e-05,1.3264896117290822e-05,4.125,3244032,3.878787878787879,1000
4,control_general_L13_E52_L13_E36,general_L13_E52,control,general,13,36,reasoning,False,100,6400,1.9561886489391327,1.9563995015621185,0.00021085262298583984,-0.0002847813367843628,0.0006959999203681946,0.00010778746881093909,0.010778746881093908,0.53,0.2034375,0.0254296875,0.025159803450638105,13.0,0.015092504026784224,0.0003797244348918552,0.0003837976609936144,4.125,3244032,3.878787878787879,1000
4,specialist_general_L12_E40,general_L12_E40,specialist,general,12,40,general,True,100,6400,2.991833852529526,2.992090827226639,0.0002569746971130371,-0.00046687504649162295,0.0009727970957756042,8.589203471167724e-05,0.008589203471167725,0.54,0.42734375,0.05341796875,0.0779692318549982,1.0,0.013944405761041914,0.0010872346058628495,0.0007448818311806569,4.125,3244032,3.878787878787879,1000
4,specialist_general_L12_E40,general_L12_E40,specialist,general,12,40,math,False,100,6400,2.2662287080287933,2.2665021193027495,0.0002734112739562988,-0.00010218825936317443,0.0006511273682117461,0.00012064593171362519,0.012064593171362518,0.46,0.0453125,0.0056640625,0.003616201935654489,53.0,0.013944405761041914,5.0425787104631377e-05,7.898198575590146e-05,4.125,3244032,3.878787878787879,1000
4,specialist_general_L12_E40,general_L12_E40,specialist,general,12,40,coding,False,100,6400,1.7902204298973083,1.7901311445236205,-8.928537368774414e-05,-0.00026274588704109194,9.478470683097833e-05,-4.987395529435768e-05,-0.004987395529435768,0.25,0.02421875,0.00302734375,0.0009340867540273625,50.0,0.013944405761041914,1.3025284714172094e-05,4.221450962815423e-05,4.125,3244032,3.878787878787879,1000
4,specialist_general_L12_E40,general_L12_E40,specialist,general,12,40,reasoning,False,100,6400,1.9561886489391327,1.9563400220870972,0.00015137314796447753,-0.00013094714283943176,0.0004512864649295807,7.738167177617006e-05,0.007738167177617007,0.27,0.05625,0.00703125,0.005462904761340173,43.0,0.013944405761041914,7.617696062605521e-05,9.804660300732596e-05,4.125,3244032,3.878787878787879,1000
4,control_general_L12_E40_L12_E2,general_L12_E40,control,general,12,2,general,True,100,6400,2.991833852529526,2.991697517633438,-0.0001363348960876465,-0.0008103634119033813,0.00047236332297325134,-4.5569006438101005e-05,-0.004556900643810101,0.41,0.221875,0.027734375,0.03132404226999431,3.0,0.014107349103766688,0.00044189919964395403,0.0003912585102997792,4.125,3244032,3.878787878787879,1000
4,control_general_L12_E40_L12_E2,general_L12_E40,control,general,12,2,math,False,100,6400,2.2662287080287933,2.265507265329361,-0.000721442699432373,-0.0015702990293502807,0.00011207172274589539,-0.000318345053558119,-0.0318345053558119,0.42,0.70078125,0.08759765625,0.10176337403640683,1.0,0.014107349103766688,0.0014356114435087781,0.0012357707173904998,4.125,3244032,3.878787878787879,1000
4,control_general_L12_E40_L12_E2,general_L12_E40,control,general,12,2,coding,False,100,6400,1.7902204298973083,1.7903117847442627,9.135484695434571e-05,-0.0004467628002166748,0.0005929659307003021,5.102994325653297e-05,0.005102994325653297,0.53,0.39875,0.04984375,0.03480311886286061,9.0,0.014107349103766688,0.0004909797476982621,0.0007031631818908709,4.125,3244032,3.878787878787879,1000
4,control_general_L12_E40_L12_E2,general_L12_E40,control,general,12,2,reasoning,False,100,6400,1.9561886489391327,1.9562104511260987,2.180218696594238e-05,-0.00039515697956085205,0.00045273500680923434,1.1145237437997607e-05,0.0011145237437997608,0.49,0.1940625,0.0242578125,0.019494837154712067,14.0,0.014107349103766688,0.0002750204734626048,0.00034221342943121537,4.125,3244032,3.878787878787879,1000
4,specialist_math_L8_E11,math_L8_E11,specialist,math,8,11,general,False,100,6400,2.991833852529526,2.991901706457138,6.785392761230469e-05,-0.0003890483975410461,0.0005618518888950347,2.267971115940672e-05,0.002267971115940672,0.4,0.1246875,0.0155859375,0.013908569191521416,34.0,0.013968837810186685,0.000194286547208122,0.00021771743305720655,4.125,3244032,3.878787878787879,1000
4,specialist_math_L8_E11,math_L8_E11,specialist,math,8,11,math,True,100,6400,2.2662287080287933,2.2656754064559936,-0.0005533015727996827,-0.0014798656105995177,0.00039154106378555255,-0.00024415080915683675,-0.024415080915683673,0.48,0.6609375,0.0826171875,0.11533557248750632,1.0,0.013968837810186685,0.0016111039058230054,0.0011540660925212828,4.125,3244032,3.878787878787879,1000
4,specialist_math_L8_E11,math_L8_E11,specialist,math,8,11,coding,False,100,6400,1.7902204298973083,1.7901278460025787,-9.258389472961426e-05,-0.0006564822196960449,0.0004905224442481992,-5.1716477581995365e-05,-0.005171647758199537,0.34,0.12703125,0.01587890625,0.009744648548223432,20.0,0.013968837810186685,0.00013612141508740426,0.0002218098660094097,4.125,3244032,3.878787878787879,1000
4,specialist_math_L8_E11,math_L8_E11,specialist,math,8,11,reasoning,False,100,6400,1.9561886489391327,1.956078290939331,-0.00011035799980163574,-0.0007524732947349549,0.0005567322671413422,-5.641480429890254e-05,-0.005641480429890254,0.48,0.27046875,0.03380859375,0.029044676310327526,7.0,0.013968837810186685,0.00040572037262833665,0.0004722667626842412,4.125,3244032,3.878787878787879,1000
4,control_math_L8_E11_L8_E54,math_L8_E11,control,math,8,54,general,False,100,6400,2.991833852529526,2.9925013411045076,0.0006674885749816895,-4.532614350318909e-05,0.0013801152706146237,0.00022310349032829595,0.022310349032829593,0.56,0.09015625,0.01126953125,0.007354809971887816,47.0,0.014220725736186273,0.00010459073545198451,0.00016026091308163045,4.125,3244032,3.878787878787879,1000
4,control_math_L8_E11_L8_E54,math_L8_E11,control,math,8,54,math,True,100,6400,2.2662287080287933,2.2659339332580566,-0.00029477477073669434,-0.0009494534432888031,0.0003889560997486114,-0.00013007282525914817,-0.013007282525914817,0.47,0.5059375,0.0632421875,0.047658737879294574,3.0,0.014220725736186273,0.00067774184031424,0.0008993498033939679,4.125,3244032,3.878787878787879,1000
4,control_math_L8_E11_L8_E54,math_L8_E11,control,math,8,54,coding,False,100,6400,1.7902204298973083,1.7911861753463745,0.0009657454490661621,-0.0005380057692527771,0.0022307757139205923,0.0005394561658094583,0.05394561658094583,0.59,0.954375,0.119296875,0.16832920737786608,1.0,0.014220725736186273,0.0023937634915102567,0.0016964881405590968,4.125,3244032,3.878787878787879,1000
4,control_math_L8_E11_L8_E54,math_L8_E11,control,math,8,54,reasoning,False,100,6400,1.9561886489391327,1.9562601387500762,7.148981094360352e-05,-0.0005432998836040498,0.0006026064753532409,3.654545842619698e-05,0.0036545458426196988,0.5,0.2121875,0.0265234375,0.015487712013943233,28.0,0.014220725736186273,0.00022024650483132386,0.00037718253026837814,4.125,3244032,3.878787878787879,1000
4,specialist_math_L12_E63,math_L12_E63,specialist,math,12,63,general,False,100,6400,2.991833852529526,2.9919904148578644,0.00015656232833862304,-0.00020505517721176148,0.0005352917909622192,5.2329887305156744e-05,0.005232988730515675,0.37,0.069375,0.008671875,0.00681277068870678,54.0,0.014013641711950582,9.547172749721563e-05,0.00012152454922082146,4.125,3244032,3.878787878787879,1000
4,specialist_math_L12_E63,math_L12_E63,specialist,math,12,63,math,True,100,6400,2.2662287080287933,2.2659535229206087,-0.00027518510818481446,-0.0009519580006599426,0.0003885057568550107,-0.0001214286568738137,-0.01214286568738137,0.42,0.480625,0.060078125,0.06835945475256952,2.0,0.014013641711950582,0.0009579649065268067,0.0008419133184757811,4.125,3244032,3.878787878787879,1000
4,specialist_math_L12_E63,math_L12_E63,specialist,math,12,63,coding,False,100,6400,1.7902204298973083,1.790224153995514,3.724098205566406e-06,0.0,1.1172294616699219e-05,2.0802456185688988e-06,0.00020802456185688988,0.01,0.00015625,1.953125e-05,5.189770367889208e-06,62.0,0.014013641711950582,7.272758250289732e-08,2.7370393968653483e-07,4.125,3244032,3.878787878787879,1000
4,specialist_math_L12_E63,math_L12_E63,specialist,math,12,63,reasoning,False,100,6400,1.9561886489391327,1.9559897911548614,-0.00019885778427124025,-0.0005272382497787476,0.00012515330314636226,-0.00010165572956324201,-0.010165572956324202,0.25,0.0359375,0.0044921875,0.003378898472218922,50.0,0.014013641711950582,4.735067257073318e-05,6.2951906127903e-05,4.125,3244032,3.878787878787879,1000
4,control_math_L12_E63_L12_E43,math_L12_E63,control,math,12,43,general,False,100,6400,2.991833852529526,2.9919880378246306,0.00015418529510498048,-0.0003446815013885498,0.0006562360525131226,5.1535380206564746e-05,0.005153538020656475,0.53,0.10453125,0.01306640625,0.013181742957155781,34.0,0.01400081345161828,0.00018455512411032118,0.00018294031638930918,4.125,3244032,3.878787878787879,1000
4,control_math_L12_E63_L12_E43,math_L12_E63,control,math,12,43,math,True,100,6400,2.2662287080287933,2.2658198606967925,-0.0004088473320007324,-0.0010167413353919983,0.00017584136128425567,-0.00018040868097393188,-0.01804086809739319,0.49,0.5128125,0.0641015625,0.05628832831566035,3.0,0.01400081345161828,0.0007880823842510036,0.00089747401851975,4.125,3244032,3.878787878787879,1000
4,control_math_L12_E63_L12_E43,math_L12_E63,control,math,12,43,coding,False,100,6400,1.7902204298973083,1.7888249886035918,-0.0013954412937164306,-0.002608138233423233,-0.00016442129015922593,-0.0007794801525064021,-0.07794801525064021,0.4,0.81609375,0.10201171875,0.14927710947354794,1.0,0.01400081345161828,0.0020900009623359447,0.0014282470440977006,4.125,3244032,3.878787878787879,1000
4,control_math_L12_E63_L12_E43,math_L12_E63,control,math,12,43,reasoning,False,100,6400,1.9561886489391327,1.956071902513504,-0.00011674642562866211,-0.0007687326669692993,0.0005539331436157223,-5.9680555703037776e-05,-0.005968055570303777,0.48,0.606875,0.075859375,0.08600241944715464,2.0,0.01400081345161828,0.0012041038310674403,0.0010620929579313555,4.125,3244032,3.878787878787879,1000
4,specialist_coding_L13_E2,coding_L13_E2,specialist,coding,13,2,general,False,100,6400,2.991833852529526,2.991158689260483,-0.0006751632690429688,-0.0012578067779541015,-2.7449429035186773e-05,-0.00022566870432064065,-0.022566870432064064,0.42,0.0365625,0.0045703125,0.0027755881159287235,59.0,0.014222554903027563,3.94759543669871e-05,6.500152045524315e-05,4.125,3244032,3.878787878787879,1000
4,specialist_coding_L13_E2,coding_L13_E2,specialist,coding,13,2,math,False,100,6400,2.2662287080287933,2.265913838148117,-0.00031486988067626955,-0.00089798703789711,0.00025842151045799233,-0.0001389400282331385,-0.01389400282331385,0.45,0.0628125,0.0078515625,0.0037863121758635316,50.0,0.014222554903027563,5.385103280122083e-05,0.00011166927873080233,4.125,3244032,3.878787878787879,1000
4,specialist_coding_L13_E2,coding_L13_E2,specialist,coding,13,2,coding,True,100,6400,1.7902204298973083,1.7905197775363921,0.0002993476390838623,-0.0009436659812927246,0.0019941762685775754,0.00016721272648029923,0.016721272648029924,0.44,0.8871875,0.1108984375,0.20227750448513132,1.0,0.014222554903027563,0.002876902913187184,0.0015772591160037206,4.125,3244032,3.878787878787879,1000
4,specialist_coding_L13_E2,coding_L13_E2,specialist,coding,13,2,reasoning,False,100,6400,1.9561886489391327,1.9561311054229735,-5.7543516159057615e-05,-0.0005176120400428772,0.0004187806546688077,-2.941613846408128e-05,-0.002941613846408128,0.51,0.09875,0.01234375,0.005877504662642729,43.0,0.014222554903027563,8.35931327572367e-05,0.0001755596620842465,4.125,3244032,3.878787878787879,1000
4,control_coding_L13_E2_L13_E61,coding_L13_E2,control,coding,13,61,general,False,100,6400,2.991833852529526,2.9921574795246126,0.00032362699508666995,-0.00017011076211929322,0.0007882800102233886,0.00010817010938393216,0.010817010938393214,0.6,0.06140625,0.00767578125,0.005947912464197026,55.0,0.013850269571035216,8.238019101404915e-05,0.00010631163948079765,4.125,3244032,3.878787878787879,1000
4,control_coding_L13_E2_L13_E61,coding_L13_E2,control,coding,13,61,math,False,100,6400,2.2662287080287933,2.265891660451889,-0.0003370475769042969,-0.0008444840610027312,0.00012381622195243834,-0.0001487261968353878,-0.01487261968353878,0.43,0.07109375,0.00888671875,0.008922510455453348,36.0,0.013850269571035216,0.00012357917505840908,0.0001230834502894731,4.125,3244032,3.878787878787879,1000
4,control_coding_L13_E2_L13_E61,coding_L13_E2,control,coding,13,61,coding,True,100,6400,1.7902204298973083,1.790830991268158,0.0006105613708496094,-0.0001619834005832672,0.001281842440366745,0.0003410537387759745,0.03410537387759745,0.55,0.4340625,0.0542578125,0.04295108828757004,8.0,0.013850269571035216,0.0005948841511521784,0.0007514853294596842,4.125,3244032,3.878787878787879,1000
4,control_coding_L13_E2_L13_E61,coding_L13_E2,control,coding,13,61,reasoning,False,100,6400,1.9561886489391327,1.9561504077911378,-3.824114799499512e-05,-0.0004492352306842804,0.00038500344753265365,-1.9548803749440938e-05,-0.001954880374944094,0.41,0.06421875,0.00802734375,0.00703134350397754,39.0,0.013850269571035216,9.738600297663625e-05,0.00011118087487686472,4.125,3244032,3.878787878787879,1000
4,specialist_coding_L11_E27,coding_L11_E27,specialist,coding,11,27,general,False,100,6400,2.991833852529526,2.991721842288971,-0.00011201024055480957,-0.0007098071277141571,0.0004375961720943449,-3.74386567155484e-05,-0.00374386567155484,0.5,0.05859375,0.00732421875,0.004144519735752082,55.0,0.014097038106684511,5.842545264880312e-05,0.0001032497908204432,4.125,3244032,3.878787878787879,1000
4,specialist_coding_L11_E27,coding_L11_E27,specialist,coding,11,27,math,False,100,6400,2.2662287080287933,2.2658704483509062,-0.0003582596778869629,-0.0008671001493930817,0.0001234339177608488,-0.00015808628520930866,-0.015808628520930866,0.46,0.155625,0.019453125,0.008985320793809662,36.0,0.014097038106684511,0.00012666640963111952,0.00027423144441909717,4.125,3244032,3.878787878787879,1000
4,specialist_coding_L11_E27,coding_L11_E27,specialist,coding,11,27,coding,True,100,6400,1.7902204298973083,1.7921538591384887,0.00193342924118042,0.0007254602909088135,0.0030561686456203455,0.0010799950714959312,0.10799950714959311,0.62,0.96328125,0.12041015625,0.1902995740411176,1.0,0.014097038106684511,0.0026826603469434656,0.001697426561088086,4.125,3244032,3.878787878787879,1000
4,specialist_coding_L11_E27,coding_L11_E27,specialist,coding,11,27,reasoning,False,100,6400,1.9561886489391327,1.9559739875793456,-0.0002146613597869873,-0.0007446904480457306,0.00030403438210487336,-0.00010973448798171948,-0.010973448798171947,0.51,0.07015625,0.00876953125,0.004675163127152328,47.0,0.014097038106684511,6.59059527584327e-05,0.00012362441620901066,4.125,3244032,3.878787878787879,1000
4,control_coding_L11_E27_L11_E7,coding_L11_E27,control,coding,11,7,general,False,100,6400,2.991833852529526,2.991602255105972,-0.0002315974235534668,-0.0009425026178359985,0.0003904353380203247,-7.740985461397081e-05,-0.007740985461397082,0.47,0.135625,0.016953125,0.009623685597532516,43.0,0.014164655693410709,0.0001363161929906836,0.00024013517855235342,4.125,3244032,3.878787878787879,1000
4,control_coding_L11_E27_L11_E7,coding_L11_E27,control,coding,11,7,math,False,100,6400,2.2662287080287933,2.265638818740845,-0.0005898892879486084,-0.0011703496277332306,-5.1533848047256506e-05,-0.0002602955676356712,-0.026029556763567118,0.4,0.15140625,0.01892578125,0.012362979147940918,30.0,0.014164655693410709,0.0001751173429753992,0.0002680771751350581,4.125,3244032,3.878787878787879,1000
4,control_coding_L11_E27_L11_E7,coding_L11_E27,control,coding,11,7,coding,True,100,6400,1.7902204298973083,1.7909021520614623,0.0006817221641540527,-9.432238340377807e-05,0.0014907067120075224,0.00038080347691773244,0.03808034769177324,0.53,0.5721875,0.0715234375,0.05855890422483795,4.0,0.014164655693410709,0.0008294667161282432,0.0010131048661966798,4.125,3244032,3.878787878787879,1000
4,control_coding_L11_E27_L11_E7,coding_L11_E27,control,coding,11,7,reasoning,False,100,6400,1.9561886489391327,1.9562981712818146,0.00010952234268188477,-0.0002646923363208771,0.0004892633259296417,5.598761793310691e-05,0.005598761793310691,0.49,0.2325,0.0290625,0.0214041221336875,21.0,0.014164655693410709,0.0003031820204433948,0.00041166030608974876,4.125,3244032,3.878787878787879,1000
4,specialist_reasoning_L13_E20,reasoning_L13_E20,specialist,reasoning,13,20,general,False,100,6400,2.991833852529526,2.99201589345932,0.00018204092979431152,-0.00017075759172439575,0.000554242730140686,6.084593555902182e-05,0.006084593555902182,0.32,0.103125,0.012890625,0.01362208628229936,33.0,0.013924948419781898,0.00018968684885083714,0.000179501288223751,4.125,3244032,3.878787878787879,1000
4,specialist_reasoning_L13_E20,reasoning_L13_E20,specialist,reasoning,13,20,math,False,100,6400,2.2662287080287933,2.266024127006531,-0.00020458102226257325,-0.0005065482556819915,5.438342690467833e-05,-9.027377578343429e-05,-0.009027377578343428,0.42,0.158125,0.019765625,0.01044196167300729,30.0,0.013924948419781898,0.000145403777697966,0.00027523530860975155,4.125,3244032,3.878787878787879,1000
4,specialist_reasoning_L13_E20,reasoning_L13_E20,specialist,reasoning,13,20,coding,False,100,6400,1.7902204298973083,1.7903300821781158,0.00010965228080749512,-0.00036944094300270084,0.0005868508517742155,6.12507147032084e-05,0.00612507147032084,0.46,0.12796875,0.01599609375,0.00905799733353255,18.0,0.013924948419781898,0.00012613214565596273,0.00022274478038674557,4.125,3244032,3.878787878787879,1000
4,specialist_reasoning_L13_E20,reasoning_L13_E20,specialist,reasoning,13,20,reasoning,True,100,6400,1.9561886489391327,1.956628795862198,0.0004401469230651855,-0.0002748043835163116,0.0012090425193309782,0.00022500228866161916,0.022500228866161917,0.54,0.72546875,0.09068359375,0.11086009576682761,1.0,0.013924948419781898,0.0015437211153651559,0.0012627643654892062,4.125,3244032,3.878787878787879,1000
4,control_reasoning_L13_E20_L13_E63,reasoning_L13_E20,control,reasoning,13,63,general,False,100,6400,2.991833852529526,2.992212989330292,0.0003791368007659912,-0.00021862390637397767,0.0010828759968280791,0.000126723882225425,0.012672388222542501,0.48,0.23578125,0.02947265625,0.03472469974630584,3.0,0.014030007349764,0.000487187792659019,0.0004135015838045679,4.125,3244032,3.878787878787879,1000
4,control_reasoning_L13_E20_L13_E63,reasoning_L13_E20,control,reasoning,13,63,math,False,100,6400,2.2662287080287933,2.266011563539505,-0.00021714448928833007,-0.0008056681156158447,0.00033238399028778044,-9.581755297646294e-05,-0.009581755297646294,0.44,0.356875,0.044609375,0.0474139998772185,3.0,0.014030007349764,0.0006652187667590849,0.0006258698591183785,4.125,3244032,3.878787878787879,1000
4,control_reasoning_L13_E20_L13_E63,reasoning_L13_E20,control,reasoning,13,63,coding,False,100,6400,1.7902204298973083,1.7901063013076781,-0.00011412858963012695,-0.00028509536385536193,3.1524956226348874e-05,-6.375113797392742e-05,-0.006375113797392741,0.04,0.00515625,0.00064453125,0.0004038398095436973,55.0,0.014030007349764,5.665875496025366e-06,9.042778174652579e-06,4.125,3244032,3.878787878787879,1000
4,control_reasoning_L13_E20_L13_E63,reasoning_L13_E20,control,reasoning,13,63,reasoning,True,100,6400,1.9561886489391327,1.9565172338485717,0.0003285849094390869,-0.00022071191668510438,0.0008989803194999694,0.0001679719947343948,0.01679719947343948,0.49,0.27703125,0.03462890625,0.044363002264920834,3.0,0.014030007349764,0.0006224132478344363,0.0004858438092017885,4.125,3244032,3.878787878787879,1000
4,specialist_reasoning_L11_E48,reasoning_L11_E48,specialist,reasoning,11,48,general,False,100,6400,2.991833852529526,2.9919050681591033,7.121562957763672e-05,-0.00041415846347808835,0.0005932765603065491,2.3803337046081473e-05,0.0023803337046081475,0.24,0.0971875,0.0121484375,0.014333708262477901,28.0,0.014112005410542914,0.00020227736855323183,0.00017143881572964244,4.125,3244032,3.878787878787879,1000
4,specialist_reasoning_L11_E48,reasoning_L11_E48,specialist,reasoning,11,48,math,False,100,6400,2.2662287080287933,2.266233720779419,5.012750625610351e-06,-0.00031876754760742183,0.00030835211277008046,2.211935012495068e-06,0.00022119350124950683,0.22,0.05328125,0.00666015625,0.003752030629624664,51.0,0.014112005410542914,5.2948676545785996e-05,9.398816103506122e-05,4.125,3244032,3.878787878787879,1000
4,specialist_reasoning_L11_E48,reasoning_L11_E48,specialist,reasoning,11,48,coding,False,100,6400,1.7902204298973083,1.79023681640625,1.638650894165039e-05,-2.2280216217041017e-06,5.145698785781854e-05,9.153347078376468e-06,0.0009153347078376467,0.02,0.000625,7.8125e-05,1.6157871264854626e-05,62.0,0.014112005410542914,2.2801996671248437e-07,1.1025004226986653e-06,4.125,3244032,3.878787878787879,1000
4,specialist_reasoning_L11_E48,reasoning_L11_E48,specialist,reasoning,11,48,reasoning,True,100,6400,1.9561886489391327,1.956591545343399,0.0004028964042663574,-0.00040687519311904903,0.0010876019299030301,0.0002059598927152826,0.02059598927152826,0.57,0.7053125,0.0881640625,0.10959927286075233,1.0,0.014112005410542914,0.001546665531602506,0.0012441717270154436,4.125,3244032,3.878787878787879,1000
4,control_reasoning_L11_E48_L11_E47,reasoning_L11_E48,control,reasoning,11,47,general,False,100,6400,2.991833852529526,2.9924508905410767,0.0006170380115509033,4.869654774665833e-05,0.0012301881313323973,0.000206240734601359,0.020624073460135898,0.55,0.12609375,0.01576171875,0.012943423619648597,35.0,0.014918939917882028,0.00019310215931323254,0.00023514813503380463,4.125,3244032,3.878787878787879,1000
4,control_reasoning_L11_E48_L11_E47,reasoning_L11_E48,control,reasoning,11,47,math,False,100,6400,2.2662287080287933,2.2658313548564912,-0.00039735317230224607,-0.000996999353170395,0.00024484995007514936,-0.00017533674818190397,-0.017533674818190396,0.48,0.5746875,0.0718359375,0.05379504202218304,3.0,0.014918939917882028,0.0008025649998088877,0.0010717160355072286,4.125,3244032,3.878787878787879,1000
4,control_reasoning_L11_E48_L11_E47,reasoning_L11_E48,control,reasoning,11,47,coding,False,100,6400,1.7902204298973083,1.789393457174301,-0.0008269727230072021,-0.0018795394301414489,0.0002980276644229889,-0.000461939049067069,-0.046193904906706905,0.44,0.884375,0.110546875,0.17150938361861742,2.0,0.014918939917882028,0.0025587381895591337,0.001649242186234615,4.125,3244032,3.878787878787879,1000
4,control_reasoning_L11_E48_L11_E47,reasoning_L11_E48,control,reasoning,11,47,reasoning,True,100,6400,1.9561886489391327,1.9564260804653169,0.00023743152618408203,-0.00035317897796630863,0.0008931320905685424,0.00012137455470506096,0.012137455470506094,0.52,0.37078125,0.04634765625,0.03446912714975047,4.0,0.014918939917882028,0.0005142428369689635,0.0006914578989283995,4.125,3244032,3.878787878787879,1000
