source,method,method_label,regime,budget_fraction,budget_bytes,used_protection_bytes,protected_expert_count,effective_bits_per_weight,coverage_general,coverage_math,coverage_coding,coverage_reasoning,coverage_min,coverage_mean,predicted_max_residual_risk,allocation_sha256,file
stage2c_new,fragility_robust,Fragility-Robust,4to8,0.05,161061273,160432128,51,4.32421875,0.12214248337985403,0.03986162104235102,0.6425282353325135,0.0,0.0,0.20113308493867962,0.6993027827128511,e505ed8ee32d67b76ed837aad7a0e8aba3364d66a99820c63897100db713f611,fragility_robust_4to8_budget5.json
stage2c_new,fragility_robust,Fragility-Robust,4to8,0.1,322122547,320864256,102,4.5234375,0.357631455819677,0.29422150541037845,0.7369454934697494,0.0577172558431574,0.0577172558431574,0.36162892763574056,0.5140434712975676,f888d00fe734a428b5f0f07445f8a284e3ac5a1a3275966440cb8da12cf71f06,fragility_robust_4to8_budget10.json
stage2c_new,fragility_robust,Fragility-Robust,4to8,0.2,644245094,641728512,204,4.921875,0.5778446590485312,0.5371618789768434,0.8289047138876104,0.384180987054942,0.384180987054942,0.5820230597419818,0.3371013939974556,c175b3db5e0ecc209a86f879c327247ea97cad7dbf3566dc77c71c3dcb5ed49b,fragility_robust_4to8_budget20.json
stage2c_new,fragility_robust,Fragility-Robust,4to8,0.3,966367641,965738496,307,5.32421875,0.7200118245633095,0.694549691589929,0.8857979879594611,0.5873315018062816,0.5873315018062816,0.7219227514797453,0.2237742970205967,70b4765951c02f7623364ce26ed218854cdcdc10479c1c429b9415ba41bc05cf,fragility_robust_4to8_budget30.json
stage2c_new,fragility_robust,Fragility-Robust,3to8,0.05,201326592,200540160,51,3.3740234375,0.3957488288857948,0.1472548576533191,0.0,0.18087984852379627,0.0,0.18097088376572754,0.795512548995676,a087cbadef05084d61569ddeeda37a3716c9d25b53eb028179d13de3660d6c1f,fragility_robust_3to8_budget5.json
stage2c_new,fragility_robust,Fragility-Robust,3to8,0.1,402653184,401080320,102,3.623046875,0.5242121017278482,0.32196729389792744,0.19493973330587108,0.3499251428518584,0.19493973330587108,0.34776106794587625,0.632439741512565,f093234fdf1aa1431f08c6e446f0b276aa1947f7587559c4084e80e362872c16,fragility_robust_3to8_budget10.json
stage2c_new,fragility_robust,Fragility-Robust,3to8,0.2,805306368,802160640,204,4.12109375,0.6774322519445913,0.5435910916840424,0.4653519347955657,0.5617359299765873,0.4653519347955657,0.5620278021001966,0.4248419058046118,1f1d48dbeaaced0d0649fd673c21764bc7ffdcc63635779abce7b3df2f1a1fbe,fragility_robust_3to8_budget20.json
stage2c_new,fragility_robust,Fragility-Robust,3to8,0.3,1207959552,1207173120,307,4.6240234375,0.784684036353061,0.6941025660610805,0.6420363307956184,0.7049965452633692,0.6420363307956184,0.7064548696182823,0.2852851440494417,b74ce0379dc7300f74411f72baf447eac25d63600ef544f1732987fc1e8ace9c,fragility_robust_3to8_budget30.json
stage2b_frozen,robust_functional,Robust-Functional,4to8,0.05,161061273,160432128,51,4.32421875,0.2504194570732099,0.2619468024141709,0.24863939433621055,0.24334117147220166,0.24334117147220166,0.25108670632394825,,92168362eee10a2032fee2c46a29ccaf3c2231c637e937072730d189af3a8824,robust_functional_4to8_budget5.json
stage2b_frozen,robust_routing,Robust-Routing,4to8,0.05,161061273,160432128,51,4.32421875,0.21059149255189544,0.2522634532772741,0.23948418768274898,0.21608272025674047,0.21059149255189544,0.22960546344216473,,629cc8644cdbbb932eb9ed87e5416d9960cd969140d3288cc58b9d8a11ffe3fb,robust_routing_4to8_budget5.json
stage2b_frozen,average_specialization,Average-Specialization,4to8,0.05,161061273,160432128,51,4.32421875,0.09489888853316453,0.27878818385760307,0.3970673776964887,0.3095546090030166,0.09489888853316453,0.2700772647725682,,c8c9b3d93f50fbdd4ca4dffd0f7a1c6fba8c5be19ced54ddfe2a651215b85608,average_specialization_4to8_budget5.json
stage2b_frozen,global_importance,Global-Importance,4to8,0.05,161061273,160432128,51,4.32421875,0.001338864169389044,0.20608592597645461,0.44506905607705377,0.1145702170744679,0.001338864169389044,0.19176601582434133,,6bd7b771d17c2c2d8ad71559b17e85dbe20ede09b9baab67dd67f76e3d393067,global_importance_4to8_budget5.json
stage2b_frozen,general_only,General-Only,4to8,0.05,161061273,160432128,51,4.32421875,0.33225131967921945,0.018015736368569877,0.002240172046134385,0.05117583735962821,0.002240172046134385,0.10092076636338798,,bed2746322cd0068e70e965ea29c8fd825367db1ef73e0daf38312bbae56dd66,general_only_4to8_budget5.json
stage2b_frozen,math_only,Math-Only,4to8,0.05,161061273,160432128,51,4.32421875,0.0004435853860928761,0.42937709828282944,0.11841013075128169,0.03333341925525366,0.0004435853860928761,0.1453910584188644,,41c0ed56ad3985912fdd43e518b2bff63dbb6052087fc9ea4131005f8637314a,math_only_4to8_budget5.json
stage2b_frozen,coding_only,Coding-Only,4to8,0.05,161061273,160432128,51,4.32421875,0.0004435853860928761,0.0,0.6521788524854577,0.024456609317579068,0.0,0.16926976179728243,,f6624964702dfbebdbace1be8e4255a80303ae644b50edd1dbe76744353257df,coding_only_4to8_budget5.json
stage2b_frozen,reasoning_only,Reasoning-Only,4to8,0.05,161061273,160432128,51,4.32421875,0.0011469889737412415,0.01894926420504054,0.03843924039815937,0.42974827737588905,0.0011469889737412415,0.12207094273820755,,ca1f8501bdb623aa72a4799eaff3d6cb4825c2a74b7dd4c0091249187d7f99b9,reasoning_only_4to8_budget5.json
stage2b_frozen,random_seed1001,Random (seed 1001),4to8,0.05,161061273,160432128,51,4.32421875,0.04664031411298249,0.037694465160607385,0.05486056130718528,0.02368869143697186,0.02368869143697186,0.04072100800443675,,4d0bf512393f6fc2faae29e6f0f4d4b6ab96435d40d895dffcc8be5522fcb0b6,random_seed1001_4to8_budget5.json
stage2b_frozen,random_seed1002,Random (seed 1002),4to8,0.05,161061273,160432128,51,4.32421875,0.04353009184717326,0.0778146210451259,0.036781714357524024,0.024613172615005716,0.024613172615005716,0.045684899966207226,,55dd148036a6ad6e0f6d364c6ae5ffa31b593b14b550d253970f56002021bf66,random_seed1002_4to8_budget5.json
stage2b_frozen,random_seed1003,Random (seed 1003),4to8,0.05,161061273,160432128,51,4.32421875,0.06520061741118165,0.03591305309685128,0.07047339700017091,0.059485617940299225,0.03591305309685128,0.05776817136212577,,c58cc6ec3aa0d64b0a2e0a846ca43ff6563960b49d8523bf856ac625076cee19,random_seed1003_4to8_budget5.json
stage2b_frozen,random_seed1004,Random (seed 1004),4to8,0.05,161061273,160432128,51,4.32421875,0.045330195171970226,0.03988541317166572,0.03474092563108321,0.030862850914649357,0.030862850914649357,0.03770484622234213,,2498a8757e27b072692c86231902e04a6f9e5c69d8c248e9f4dbc35f65600b4a,random_seed1004_4to8_budget5.json
stage2b_frozen,random_seed1005,Random (seed 1005),4to8,0.05,161061273,160432128,51,4.32421875,0.02882213493979766,0.019782325591935854,0.04439586836922687,0.06061909895286687,0.019782325591935854,0.038404856963456815,,0eda8d4b2c552750a63dd8c51bbd6d819a7112f21135a96927f7c6025be35b9d,random_seed1005_4to8_budget5.json
stage2b_frozen,robust_functional,Robust-Functional,4to8,0.1,322122547,320864256,102,4.5234375,0.3953422664745733,0.39726739287366347,0.3970673776964887,0.39479812853204405,0.39479812853204405,0.3961187913941924,,0bb18e7ec848c912e3cb0c335218e117cd1bc497c3b8c51d0aba6d467cc22342,robust_functional_4to8_budget10.json
stage2b_frozen,robust_routing,Robust-Routing,4to8,0.1,322122547,320864256,102,4.5234375,0.3396715792171035,0.3636488498439179,0.40928941756743664,0.3723988963245528,0.3396715792171035,0.3712521857382527,,971b41f0d32b91412ae19f5f38dd4db4e1355b20f15e5122adefc974ff59a820,robust_routing_4to8_budget10.json
stage2b_frozen,average_specialization,Average-Specialization,4to8,0.1,322122547,320864256,102,4.5234375,0.23211870990825256,0.4242400759873484,0.6069421252425719,0.4145928362311662,0.23211870990825256,0.4194734368423348,,58f9e1a8d629c7d1a81543d7401e59050265f08ce69baa9326f594e1a77e69d3,average_specialization_4to8_budget10.json
stage2b_frozen,global_importance,Global-Importance,4to8,0.1,322122547,320864256,102,4.5234375,0.001338864169389044,0.2579756009805054,0.6471657114252791,0.27643867905005326,0.001338864169389044,0.2957297139063067,,6f1108a61118ad65cf64d0a09d8a529b57c8fe5c1a6c679097fdf67581404496,global_importance_4to8_budget10.json
stage2b_frozen,general_only,General-Only,4to8,0.1,322122547,320864256,102,4.5234375,0.4747791671633564,0.0910684813607628,0.05425159721886699,0.06973869367045164,0.05425159721886699,0.17245948485335943,,5b652905390b286bd32e58368aa44b81ea3eb623520290202ab332f8ccb4892a,general_only_4to8_budget10.json
stage2b_frozen,math_only,Math-Only,4to8,0.1,322122547,320864256,102,4.5234375,0.0015269455358011541,0.5900064630541889,0.1359758060841597,0.07718695909989037,0.0015269455358011541,0.20117404344351003,,29f257192b524d3cfd3daff5b643c5c469fd32b7303dead52a7c52ef7096664d,math_only_4to8_budget10.json
stage2b_frozen,coding_only,Coding-Only,4to8,0.1,322122547,320864256,102,4.5234375,0.0004435853860928761,0.068332145121167,0.8785800265387698,0.027735323914992175,0.0004435853860928761,0.24377277024025545,,1e5c04c715903af7e5da011ddf8a3565b769e48d67432d27492b36fc49bbf6af,coding_only_4to8_budget10.json
stage2b_frozen,reasoning_only,Reasoning-Only,4to8,0.1,322122547,320864256,102,4.5234375,0.0015269455358011541,0.044188525077634745,0.10293794042078974,0.635181046103859,0.0015269455358011541,0.19595861428452116,,62360b907c04a7a351564be7c0aa072f7a3b0598c4ab7c8bd35201e71e12029d,reasoning_only_4to8_budget10.json
stage2b_frozen,random_seed1001,Random (seed 1001),4to8,0.1,322122547,320864256,102,4.5234375,0.09066929572864754,0.06586383412679671,0.08821370829242932,0.1008993150069237,0.06586383412679671,0.08641153828869932,,637c99058f7ef809666998bd6fef1087be0fc7bb0ffac0c5184622b6406914da,random_seed1001_4to8_budget10.json
stage2b_frozen,random_seed1002,Random (seed 1002),4to8,0.1,322122547,320864256,102,4.5234375,0.0994448320720592,0.1389353099031428,0.11957700286027949,0.05836236636924215,0.05836236636924215,0.1040798778011809,,942f5f1405154460b14d5d5efba12b007d01aa1647181ebc5a83e9080bf5786c,random_seed1002_4to8_budget10.json
stage2b_frozen,random_seed1003,Random (seed 1003),4to8,0.1,322122547,320864256,102,4.5234375,0.0957656616379711,0.0829034095960595,0.11188010722588342,0.09026918701048761,0.0829034095960595,0.0952045913676004,,e59c02c347799c190afb834180242070d7e0245e1ed37d971e288632f64acc78,random_seed1003_4to8_budget10.json
stage2b_frozen,random_seed1004,Random (seed 1004),4to8,0.1,322122547,320864256,102,4.5234375,0.08747726210365858,0.07137422231729557,0.1081903424503106,0.0516853317281744,0.0516853317281744,0.0796817896498598,,8ef5d57726c3ed8383e336953d8c4a9dd38212fecdea815d0ad13959332eefbd,random_seed1004_4to8_budget10.json
stage2b_frozen,random_seed1005,Random (seed 1005),4to8,0.1,322122547,320864256,102,4.5234375,0.06201626097107869,0.08340535741376266,0.060443895105193775,0.15434386195759373,0.060443895105193775,0.09005234386190722,,86ebdd726f7857a11ac7562bfe88d6b0d4d4736607adacfcf6040c8ee4604772,random_seed1005_4to8_budget10.json
stage2b_frozen,robust_functional,Robust-Functional,4to8,0.2,644245094,641728512,204,4.921875,0.5825781651679067,0.5872040306633434,0.5858990281811531,0.5862638748740006,0.5825781651679067,0.585486274721601,,dafa0bdfaed86cb6afa02b89289fafe6724767c4e1ec7faf76eead509282567e,robust_functional_4to8_budget20.json
stage2b_frozen,robust_routing,Robust-Routing,4to8,0.2,644245094,641728512,204,4.921875,0.5115506724456187,0.5460106902322726,0.5874687668249429,0.5560412028615942,0.5115506724456187,0.550267833091107,,532d845afe317f2ecb52b5bed767b21bdb0436bbdafa5a4433569792838aa3f6,robust_routing_4to8_budget20.json
stage2b_frozen,average_specialization,Average-Specialization,4to8,0.2,644245094,641728512,204,4.921875,0.4316455309381456,0.6171209063717683,0.7516117904820294,0.6049922837140616,0.4316455309381456,0.6013426278765013,,7545c7f9655c151bf1e13a3549e4dbafe111eb80db3348c64e6bcd34bbe008c8,average_specialization_4to8_budget20.json
stage2b_frozen,global_importance,Global-Importance,4to8,0.2,644245094,641728512,204,4.921875,0.09572000152871439,0.35558235277764993,0.8083845276118692,0.4705457421480606,0.09572000152871439,0.4325581560165735,,03b1ffe7adb044e52af5fa63a40a237cd59e2d9e52130771a9ce60de6bd2745d,global_importance_4to8_budget20.json
stage2b_frozen,general_only,General-Only,4to8,0.2,644245094,641728512,204,4.921875,0.638584537835638,0.17055977646612286,0.08364851057342108,0.10668577774937582,0.08364851057342108,0.24986965065613942,,7416ac1e46672e41baf01c044b15e4adbe6bde93c59d59f78f760f6812b1fa7f,general_only_4to8_budget20.json
stage2b_frozen,math_only,Math-Only,4to8,0.2,644245094,641728512,204,4.921875,0.02830173848990511,0.7615981973538104,0.18631175790896626,0.1791907008703403,0.02830173848990511,0.2888505986557555,,eb58656c997cb66d4646082a96f575ebc68c9f2b06b13c7f405a95853de36b09,math_only_4to8_budget20.json
stage2b_frozen,coding_only,Coding-Only,4to8,0.2,644245094,641728512,204,4.921875,0.014328007051402362,0.24068520624024536,0.9885541719914118,0.1637520866860201,0.014328007051402362,0.3518298679922699,,1a166db8043059944347d71a2ac31a964ec2d0cf3bd9cf0a6278231935b58bd3,coding_only_4to8_budget20.json
stage2b_frozen,reasoning_only,Reasoning-Only,4to8,0.2,644245094,641728512,204,4.921875,0.014200597784072004,0.2020950430422889,0.1669570604238735,0.747976678500593,0.014200597784072004,0.2828073449377069,,6bbfd00be350150d1eb704732b3f367b347577757ccede7ce5e709d3575c76ad,reasoning_only_4to8_budget20.json
stage2b_frozen,random_seed1001,Random (seed 1001),4to8,0.2,644245094,641728512,204,4.921875,0.17153437635549945,0.15842227545395457,0.18669581194281504,0.19420157285921907,0.15842227545395457,0.17771350915287204,,5592664b80d4c29078584027fbc1432874303c3f9680378966dabcc166500207,random_seed1001_4to8_budget20.json
stage2b_frozen,random_seed1002,Random (seed 1002),4to8,0.2,644245094,641728512,204,4.921875,0.1840066888166512,0.25666414014730043,0.21935728323073594,0.1460757264486451,0.1460757264486451,0.20152595966083317,,123101abfcddc5007c385f1e561c60de055dfd467130836fbef3df48c1562183,random_seed1002_4to8_budget20.json
stage2b_frozen,random_seed1003,Random (seed 1003),4to8,0.2,644245094,641728512,204,4.921875,0.19873250789269375,0.21000504593939426,0.2170988312646762,0.2342405673191463,0.19873250789269375,0.21501923810397763,,f8cfb0ce8191a6aea94b4494a222d9b1c8adc2ff5a2d22a2fb62ae5c735d3742,random_seed1003_4to8_budget20.json
stage2b_frozen,random_seed1004,Random (seed 1004),4to8,0.2,644245094,641728512,204,4.921875,0.21390150364874655,0.1938053956660795,0.2143171059250764,0.17513755133935624,0.17513755133935624,0.19929038914481467,,279b1616b7bdb3d74b3efc0ca82deaec859fadc64f13579487ee49fb1753a717,random_seed1004_4to8_budget20.json
stage2b_frozen,random_seed1005,Random (seed 1005),4to8,0.2,644245094,641728512,204,4.921875,0.18747118300955656,0.22096256555842692,0.1961439619574488,0.2707738852354691,0.18747118300955656,0.21883789894022534,,c2d45b346cc479f15abc52bac4e951508bc911a6d6cf1a93cc87587b6d2dd79b,random_seed1005_4to8_budget20.json
stage2b_frozen,robust_functional,Robust-Functional,4to8,0.3,966367641,965738496,307,5.32421875,0.7200118245633095,0.7203755865655739,0.719617406754772,0.7196257129000131,0.719617406754772,0.7199076326959171,,738174589ea93d6636856764650d98f2ee80d52813aadb77b402fadbbdb41ba3,robust_functional_4to8_budget30.json
stage2b_frozen,robust_routing,Robust-Routing,4to8,0.3,966367641,965738496,307,5.32421875,0.6394350492540387,0.6490438929368748,0.7338128785117275,0.6673975215872892,0.6394350492540387,0.6724223355724825,,c4f8f23e6607273b6c7d38e8caf5d9847bab0774047711d6ccc719f6f3531c88,robust_routing_4to8_budget30.json
stage2b_frozen,average_specialization,Average-Specialization,4to8,0.3,966367641,965738496,307,5.32421875,0.6534314688931833,0.730388918941125,0.8509715837169156,0.6811360310411921,0.6534314688931833,0.728982000648104,,e22fd07ec65646b0b8af6f42370fac627655392a89e71c34d769cb07893d8c10,average_specialization_4to8_budget30.json
stage2b_frozen,global_importance,Global-Importance,4to8,0.3,966367641,965738496,307,5.32421875,0.20270578741682505,0.512207832496625,0.856804274704831,0.6055742305374933,0.20270578741682505,0.5443230312889435,,6805fd2ed7c9acdc70cbaee252c5fcf1caafafa32a5eecb69cff06b0d4aceb58,global_importance_4to8_budget30.json
stage2b_frozen,general_only,General-Only,4to8,0.3,966367641,965738496,307,5.32421875,0.7654279109057442,0.296916462149576,0.11768961917014024,0.17555266853214777,0.11768961917014024,0.3388966651894021,,fd01bc3a22c63130128bbb3e80dcd2c5995e07612a7a3c9506ee8bd15825b539,general_only_4to8_budget30.json
stage2b_frozen,math_only,Math-Only,4to8,0.3,966367641,965738496,307,5.32421875,0.05352595367165932,0.8708424984163271,0.22540011164676593,0.3347089497260248,0.05352595367165932,0.37111937836519426,,102d94a3581dcd11ca286d8efc3876e66a6d2e9f23302a66754be88cfe8c4bc6,math_only_4to8_budget30.json
stage2b_frozen,coding_only,Coding-Only,4to8,0.3,966367641,965738496,307,5.32421875,0.07784457460015923,0.2952930353024292,0.9957536819341702,0.3357233452074235,0.07784457460015923,0.42615365926104554,,f1d5b677d897a53ee1d2fbbfe19e1dc11af74cbf85fd37b1b146bc5265036a80,coding_only_4to8_budget30.json
stage2b_frozen,reasoning_only,Reasoning-Only,4to8,0.3,966367641,965738496,307,5.32421875,0.024601807264154552,0.4377151062479681,0.2090121569575684,0.840675066454243,0.024601807264154552,0.3780010342309835,,ee06eb368d554af22d49edcf81ddca794e2c4f397df18022930eb1eecef415ad,reasoning_only_4to8_budget30.json
stage2b_frozen,random_seed1001,Random (seed 1001),4to8,0.3,966367641,965738496,307,5.32421875,0.31114044186706635,0.25261971935725874,0.3265832596243446,0.2505349717865938,0.2505349717865938,0.2852195981588158,,cf6c3f6244e96b5f2046affe4fff4ecb3e5a6d6adcc7234069632cc2fcae0827,random_seed1001_4to8_budget30.json
stage2b_frozen,random_seed1002,Random (seed 1002),4to8,0.3,966367641,965738496,307,5.32421875,0.3277844673884111,0.33318792458418534,0.3540847193245515,0.3027953480318731,0.3027953480318731,0.32946311483225527,,b02a49a4327a6892026f7b2bbecae184bd6c6916c090c910f972dac28a0c3423,random_seed1002_4to8_budget30.json
stage2b_frozen,random_seed1003,Random (seed 1003),4to8,0.3,966367641,965738496,307,5.32421875,0.3285907965932911,0.30462487964258816,0.3010746826537062,0.33843860621958716,0.3010746826537062,0.31818224127729317,,18ff1c079203d4883d39ae9be19e951353dc524e48e4b1adb4a23ce8dfb5c4f5,random_seed1003_4to8_budget30.json
stage2b_frozen,random_seed1004,Random (seed 1004),4to8,0.3,966367641,965738496,307,5.32421875,0.3005547737565689,0.2704655611478623,0.3521216705751365,0.2623833078212518,0.2623833078212518,0.29638132832520486,,f3be5bd549cad49d264bcbebadef1bff86ec57b496305e2b459b09781ff13d53,random_seed1004_4to8_budget30.json
stage2b_frozen,random_seed1005,Random (seed 1005),4to8,0.3,966367641,965738496,307,5.32421875,0.278243456403808,0.3217554117442791,0.325921369901473,0.36766826290675714,0.278243456403808,0.32339712523907926,,69526afa0b61a2c8f80949972cf0cd41bdb622e6d1a1ce0f10a5d7f4ee57afb9,random_seed1005_4to8_budget30.json
stage2b_frozen,robust_functional,Robust-Functional,3to8,0.05,201326592,200540160,51,3.3740234375,0.2504194570732099,0.2619468024141709,0.24863939433621055,0.24334117147220166,0.24334117147220166,0.25108670632394825,,923683772402007816be33dbe5fa3c53a0cba4ba935e0234695b2f94697491d6,robust_functional_3to8_budget5.json
stage2b_frozen,robust_routing,Robust-Routing,3to8,0.05,201326592,200540160,51,3.3740234375,0.21059149255189544,0.2522634532772741,0.23948418768274898,0.21608272025674047,0.21059149255189544,0.22960546344216473,,5aeabb9cfda923fa5f77a77ebddfd599495197d17dee9fd8745bf6618e0fd888,robust_routing_3to8_budget5.json
stage2b_frozen,average_specialization,Average-Specialization,3to8,0.05,201326592,200540160,51,3.3740234375,0.09489888853316453,0.27878818385760307,0.3970673776964887,0.3095546090030166,0.09489888853316453,0.2700772647725682,,a13b9ed0d5b295ed9ef56a357fa90038c224b69ce16f48ecda9fa1ea07e00130,average_specialization_3to8_budget5.json
stage2b_frozen,global_importance,Global-Importance,3to8,0.05,201326592,200540160,51,3.3740234375,0.001338864169389044,0.20608592597645461,0.44506905607705377,0.1145702170744679,0.001338864169389044,0.19176601582434133,,857011ff23ef7c742fab18ee9686d90b74429f9b1b4baac4c90821032eacb617,global_importance_3to8_budget5.json
stage2b_frozen,general_only,General-Only,3to8,0.05,201326592,200540160,51,3.3740234375,0.33225131967921945,0.018015736368569877,0.002240172046134385,0.05117583735962821,0.002240172046134385,0.10092076636338798,,42ed8f1e152df60a975171276d185bc25dd2069f374ae0270ccaec3b3a1dd107,general_only_3to8_budget5.json
stage2b_frozen,math_only,Math-Only,3to8,0.05,201326592,200540160,51,3.3740234375,0.0004435853860928761,0.42937709828282944,0.11841013075128169,0.03333341925525366,0.0004435853860928761,0.1453910584188644,,46f1717e312c9ce50dd1f347f9b8ea5d9773f62575992ac2ff809ed18605155c,math_only_3to8_budget5.json
stage2b_frozen,coding_only,Coding-Only,3to8,0.05,201326592,200540160,51,3.3740234375,0.0004435853860928761,0.0,0.6521788524854577,0.024456609317579068,0.0,0.16926976179728243,,b995305c8e010e3d23e7cd7b03bd50c05537fadcf3d1010b84ed11bbaf0dd5fd,coding_only_3to8_budget5.json
stage2b_frozen,reasoning_only,Reasoning-Only,3to8,0.05,201326592,200540160,51,3.3740234375,0.0011469889737412415,0.01894926420504054,0.03843924039815937,0.42974827737588905,0.0011469889737412415,0.12207094273820755,,5ecf3156acc2824bd7d7ee88fb9bd96ac10217cfcfa2d68bc04082a4ae35a526,reasoning_only_3to8_budget5.json
stage2b_frozen,random_seed1001,Random (seed 1001),3to8,0.05,201326592,200540160,51,3.3740234375,0.04664031411298249,0.037694465160607385,0.05486056130718528,0.02368869143697186,0.02368869143697186,0.04072100800443675,,b93df080eef9d6a3be4a05059f37c883874c131ca4410193cd99e08bbe57a562,random_seed1001_3to8_budget5.json
stage2b_frozen,random_seed1002,Random (seed 1002),3to8,0.05,201326592,200540160,51,3.3740234375,0.04353009184717326,0.0778146210451259,0.036781714357524024,0.024613172615005716,0.024613172615005716,0.045684899966207226,,30aa7f688062dea88fbad68b6c15f3c38275469fb2b8ceda19235633f2bd914f,random_seed1002_3to8_budget5.json
stage2b_frozen,random_seed1003,Random (seed 1003),3to8,0.05,201326592,200540160,51,3.3740234375,0.06520061741118165,0.03591305309685128,0.07047339700017091,0.059485617940299225,0.03591305309685128,0.05776817136212577,,da03b605da2b865337cf1fc475baac20b5677684122f474a168cfe99e72ff749,random_seed1003_3to8_budget5.json
stage2b_frozen,random_seed1004,Random (seed 1004),3to8,0.05,201326592,200540160,51,3.3740234375,0.045330195171970226,0.03988541317166572,0.03474092563108321,0.030862850914649357,0.030862850914649357,0.03770484622234213,,40d0893fc38d1123d85ca1cd1016d648ede37ac7490c9f76d0d98f75029e76a8,random_seed1004_3to8_budget5.json
stage2b_frozen,random_seed1005,Random (seed 1005),3to8,0.05,201326592,200540160,51,3.3740234375,0.02882213493979766,0.019782325591935854,0.04439586836922687,0.06061909895286687,0.019782325591935854,0.038404856963456815,,0dde686bf11ccdc5b75e35bbb5f7d9ab23c53a56a739a3991e81c408ac41116d,random_seed1005_3to8_budget5.json
stage2b_frozen,robust_functional,Robust-Functional,3to8,0.1,402653184,401080320,102,3.623046875,0.3953422664745733,0.39726739287366347,0.3970673776964887,0.39479812853204405,0.39479812853204405,0.3961187913941924,,d8d2670e5e07226317578bfe2a1ce8507d42ec4c1255e2ff55f0f3ea54ce67be,robust_functional_3to8_budget10.json
stage2b_frozen,robust_routing,Robust-Routing,3to8,0.1,402653184,401080320,102,3.623046875,0.3396715792171035,0.3636488498439179,0.40928941756743664,0.3723988963245528,0.3396715792171035,0.3712521857382527,,3394884ebcc17530e498931eaa8b2be0bfe417faf3efb6a4ea8b762799ca0569,robust_routing_3to8_budget10.json
stage2b_frozen,average_specialization,Average-Specialization,3to8,0.1,402653184,401080320,102,3.623046875,0.23211870990825256,0.4242400759873484,0.6069421252425719,0.4145928362311662,0.23211870990825256,0.4194734368423348,,b02b7258058e3555da0b730970db849c90b733e2bb22ade1cae794bdb4c38f1d,average_specialization_3to8_budget10.json
stage2b_frozen,global_importance,Global-Importance,3to8,0.1,402653184,401080320,102,3.623046875,0.001338864169389044,0.2579756009805054,0.6471657114252791,0.27643867905005326,0.001338864169389044,0.2957297139063067,,f6b4230c9b43bd2a6e93dbe5493198601d16b68743bbc46b51bbf926de06c7bf,global_importance_3to8_budget10.json
stage2b_frozen,general_only,General-Only,3to8,0.1,402653184,401080320,102,3.623046875,0.4747791671633564,0.0910684813607628,0.05425159721886699,0.06973869367045164,0.05425159721886699,0.17245948485335943,,de0f29582ee45123875ae6054fabf7bfcdcfce3d061b3e532f1ff88b2d561699,general_only_3to8_budget10.json
stage2b_frozen,math_only,Math-Only,3to8,0.1,402653184,401080320,102,3.623046875,0.0015269455358011541,0.5900064630541889,0.1359758060841597,0.07718695909989037,0.0015269455358011541,0.20117404344351003,,4719faa2cc6c374e5b31d3a5d575ceebd026a40c9beeb0e728366e80976a98be,math_only_3to8_budget10.json
stage2b_frozen,coding_only,Coding-Only,3to8,0.1,402653184,401080320,102,3.623046875,0.0004435853860928761,0.068332145121167,0.8785800265387698,0.027735323914992175,0.0004435853860928761,0.24377277024025545,,2eddf07b7a1d5750028a3bc4e79845b8c3a81db07e1c50bf4b967f9ea8181ded,coding_only_3to8_budget10.json
stage2b_frozen,reasoning_only,Reasoning-Only,3to8,0.1,402653184,401080320,102,3.623046875,0.0015269455358011541,0.044188525077634745,0.10293794042078974,0.635181046103859,0.0015269455358011541,0.19595861428452116,,c8d394445cc666d3da99a6a12eb578c330c267662336443700269bd9a7ee6f07,reasoning_only_3to8_budget10.json
stage2b_frozen,random_seed1001,Random (seed 1001),3to8,0.1,402653184,401080320,102,3.623046875,0.09066929572864754,0.06586383412679671,0.08821370829242932,0.1008993150069237,0.06586383412679671,0.08641153828869932,,553ac0e2715d8de3bcbcfc9c92d8d39f694e1d47f3ebd7d9d81841ca74543623,random_seed1001_3to8_budget10.json
stage2b_frozen,random_seed1002,Random (seed 1002),3to8,0.1,402653184,401080320,102,3.623046875,0.0994448320720592,0.1389353099031428,0.11957700286027949,0.05836236636924215,0.05836236636924215,0.1040798778011809,,4b93b7c1a23f52781a2c1aeb9d15ecf2a488114d7e810e878d940b420c51ced4,random_seed1002_3to8_budget10.json
stage2b_frozen,random_seed1003,Random (seed 1003),3to8,0.1,402653184,401080320,102,3.623046875,0.0957656616379711,0.0829034095960595,0.11188010722588342,0.09026918701048761,0.0829034095960595,0.0952045913676004,,8570149dda699c19a7a1f98f79aa0cea8f21f16910b6595777d3f6b2435c7c44,random_seed1003_3to8_budget10.json
stage2b_frozen,random_seed1004,Random (seed 1004),3to8,0.1,402653184,401080320,102,3.623046875,0.08747726210365858,0.07137422231729557,0.1081903424503106,0.0516853317281744,0.0516853317281744,0.0796817896498598,,3183c88ccbed6d4039161fba2017ebadad8d859ae1002ae80966fcc9a55ba359,random_seed1004_3to8_budget10.json
stage2b_frozen,random_seed1005,Random (seed 1005),3to8,0.1,402653184,401080320,102,3.623046875,0.06201626097107869,0.08340535741376266,0.060443895105193775,0.15434386195759373,0.060443895105193775,0.09005234386190722,,ce95b8da06558a1ba3ee1dd787a0b228c660af7b99f79af337b392973a55e42d,random_seed1005_3to8_budget10.json
stage2b_frozen,robust_functional,Robust-Functional,3to8,0.2,805306368,802160640,204,4.12109375,0.5825781651679067,0.5872040306633434,0.5858990281811531,0.5862638748740006,0.5825781651679067,0.585486274721601,,855e5b643d2566c1c8debe59ffc4918c6771757971fc29f2e7bc902455bdf857,robust_functional_3to8_budget20.json
stage2b_frozen,robust_routing,Robust-Routing,3to8,0.2,805306368,802160640,204,4.12109375,0.5115506724456187,0.5460106902322726,0.5874687668249429,0.5560412028615942,0.5115506724456187,0.550267833091107,,d7974657d5b44b13145d53856111621f94d56dc4ed9daaa3f495ca214978b760,robust_routing_3to8_budget20.json
stage2b_frozen,average_specialization,Average-Specialization,3to8,0.2,805306368,802160640,204,4.12109375,0.4316455309381456,0.6171209063717683,0.7516117904820294,0.6049922837140616,0.4316455309381456,0.6013426278765013,,9d74485611855930ccf150deba725e2239f46c28051bb2179a9e5e67e1621dec,average_specialization_3to8_budget20.json
stage2b_frozen,global_importance,Global-Importance,3to8,0.2,805306368,802160640,204,4.12109375,0.09572000152871439,0.35558235277764993,0.8083845276118692,0.4705457421480606,0.09572000152871439,0.4325581560165735,,5acce5a727036e8b25b7a610159f7711023f65dd7b4b1be50351293474f84655,global_importance_3to8_budget20.json
stage2b_frozen,general_only,General-Only,3to8,0.2,805306368,802160640,204,4.12109375,0.638584537835638,0.17055977646612286,0.08364851057342108,0.10668577774937582,0.08364851057342108,0.24986965065613942,,f93cd222ed3045d5fd23090eb20c07c72ee7a16d10eae7cb63dc0eb2f9fb7181,general_only_3to8_budget20.json
stage2b_frozen,math_only,Math-Only,3to8,0.2,805306368,802160640,204,4.12109375,0.02830173848990511,0.7615981973538104,0.18631175790896626,0.1791907008703403,0.02830173848990511,0.2888505986557555,,b4ac0185241ab9783c6f1c5dd4e2f2a4b7d01fb8ca57728724b2a528ac6814bb,math_only_3to8_budget20.json
stage2b_frozen,coding_only,Coding-Only,3to8,0.2,805306368,802160640,204,4.12109375,0.014328007051402362,0.24068520624024536,0.9885541719914118,0.1637520866860201,0.014328007051402362,0.3518298679922699,,41c37eb3161f291f864224e08fcb277ea3f2524c105b49c9b91494961bdc2561,coding_only_3to8_budget20.json
stage2b_frozen,reasoning_only,Reasoning-Only,3to8,0.2,805306368,802160640,204,4.12109375,0.014200597784072004,0.2020950430422889,0.1669570604238735,0.747976678500593,0.014200597784072004,0.2828073449377069,,30fdb89705db0755f3c17b674b401e11c192c790df4eec73eb871967725e872a,reasoning_only_3to8_budget20.json
stage2b_frozen,random_seed1001,Random (seed 1001),3to8,0.2,805306368,802160640,204,4.12109375,0.17153437635549945,0.15842227545395457,0.18669581194281504,0.19420157285921907,0.15842227545395457,0.17771350915287204,,93d174375445978fb7ab86b7ba16db3cd832f06d277d3990ceafb5386a5ab181,random_seed1001_3to8_budget20.json
stage2b_frozen,random_seed1002,Random (seed 1002),3to8,0.2,805306368,802160640,204,4.12109375,0.1840066888166512,0.25666414014730043,0.21935728323073594,0.1460757264486451,0.1460757264486451,0.20152595966083317,,a92a9c196d2ad21a6860a26080b9b30d37dc984993e2c5488f8f8ee1dd970e68,random_seed1002_3to8_budget20.json
stage2b_frozen,random_seed1003,Random (seed 1003),3to8,0.2,805306368,802160640,204,4.12109375,0.19873250789269375,0.21000504593939426,0.2170988312646762,0.2342405673191463,0.19873250789269375,0.21501923810397763,,949adb6f4d5aea1f32d32a6c8b05d7ae71d4f4945b15d21dddcb2cd52b28e799,random_seed1003_3to8_budget20.json
stage2b_frozen,random_seed1004,Random (seed 1004),3to8,0.2,805306368,802160640,204,4.12109375,0.21390150364874655,0.1938053956660795,0.2143171059250764,0.17513755133935624,0.17513755133935624,0.19929038914481467,,451be979d5d815affe06c5622a77943c470e5ae30ba967184dd919b09b54348f,random_seed1004_3to8_budget20.json
stage2b_frozen,random_seed1005,Random (seed 1005),3to8,0.2,805306368,802160640,204,4.12109375,0.18747118300955656,0.22096256555842692,0.1961439619574488,0.2707738852354691,0.18747118300955656,0.21883789894022534,,1b45c85d3552c4cb65ca56f9aec0f9dc54ac5e687122411b86cbd9a670baadc2,random_seed1005_3to8_budget20.json
stage2b_frozen,robust_functional,Robust-Functional,3to8,0.3,1207959552,1207173120,307,4.6240234375,0.7200118245633095,0.7203755865655739,0.719617406754772,0.7196257129000131,0.719617406754772,0.7199076326959171,,edfc53a397aaf23ad8493a1c7cc808c030bd1921e0920a13e16c37569192b825,robust_functional_3to8_budget30.json
stage2b_frozen,robust_routing,Robust-Routing,3to8,0.3,1207959552,1207173120,307,4.6240234375,0.6394350492540387,0.6490438929368748,0.7338128785117275,0.6673975215872892,0.6394350492540387,0.6724223355724825,,a1814e4755b31b0b0831ffcf70376129f1ddf193b948b6542b596c3a222b7838,robust_routing_3to8_budget30.json
stage2b_frozen,average_specialization,Average-Specialization,3to8,0.3,1207959552,1207173120,307,4.6240234375,0.6534314688931833,0.730388918941125,0.8509715837169156,0.6811360310411921,0.6534314688931833,0.728982000648104,,e85b0b8c9cbe8651c6e89be24441e77f6bd6ec42b378ca5653c94ac03e12e8a1,average_specialization_3to8_budget30.json
stage2b_frozen,global_importance,Global-Importance,3to8,0.3,1207959552,1207173120,307,4.6240234375,0.20270578741682505,0.512207832496625,0.856804274704831,0.6055742305374933,0.20270578741682505,0.5443230312889435,,8a4272fc8b3210372d6119952522b3cb2576cdab077a3bc115b6268a6516fffd,global_importance_3to8_budget30.json
stage2b_frozen,general_only,General-Only,3to8,0.3,1207959552,1207173120,307,4.6240234375,0.7654279109057442,0.296916462149576,0.11768961917014024,0.17555266853214777,0.11768961917014024,0.3388966651894021,,71ea63439d60505a8ff276aa7f3c84f6abe00c4cc26dacaa670013a734e44061,general_only_3to8_budget30.json
stage2b_frozen,math_only,Math-Only,3to8,0.3,1207959552,1207173120,307,4.6240234375,0.05352595367165932,0.8708424984163271,0.22540011164676593,0.3347089497260248,0.05352595367165932,0.37111937836519426,,ad4565b2f251a6cfdbfd0a2bbe7eee66cd76f03d11a1be844d890c5edcec69ef,math_only_3to8_budget30.json
stage2b_frozen,coding_only,Coding-Only,3to8,0.3,1207959552,1207173120,307,4.6240234375,0.07784457460015923,0.2952930353024292,0.9957536819341702,0.3357233452074235,0.07784457460015923,0.42615365926104554,,9484970e2a2202fc28af21b8d0ba3eb5d7b6b08f9fbaef8cab5613c6b8ec1a8e,coding_only_3to8_budget30.json
stage2b_frozen,reasoning_only,Reasoning-Only,3to8,0.3,1207959552,1207173120,307,4.6240234375,0.024601807264154552,0.4377151062479681,0.2090121569575684,0.840675066454243,0.024601807264154552,0.3780010342309835,,f7dd2ef00c21672a70a2bb3cfbcc63e952bbb1f1627d5cce7f58a3329c53b941,reasoning_only_3to8_budget30.json
stage2b_frozen,random_seed1001,Random (seed 1001),3to8,0.3,1207959552,1207173120,307,4.6240234375,0.31114044186706635,0.25261971935725874,0.3265832596243446,0.2505349717865938,0.2505349717865938,0.2852195981588158,,5dbc56fa5eedf613c8216e4f93f9fc69b424624e08157411c56c1d1de34105b3,random_seed1001_3to8_budget30.json
stage2b_frozen,random_seed1002,Random (seed 1002),3to8,0.3,1207959552,1207173120,307,4.6240234375,0.3277844673884111,0.33318792458418534,0.3540847193245515,0.3027953480318731,0.3027953480318731,0.32946311483225527,,2bcde7f88d1a769c2b04041cc72c024a6c1b94046fd303a466ccd04d4546f60a,random_seed1002_3to8_budget30.json
stage2b_frozen,random_seed1003,Random (seed 1003),3to8,0.3,1207959552,1207173120,307,4.6240234375,0.3285907965932911,0.30462487964258816,0.3010746826537062,0.33843860621958716,0.3010746826537062,0.31818224127729317,,020e33127f59fc56d02b0f64684c865d8179072a6462455b33588f3910f07536,random_seed1003_3to8_budget30.json
stage2b_frozen,random_seed1004,Random (seed 1004),3to8,0.3,1207959552,1207173120,307,4.6240234375,0.3005547737565689,0.2704655611478623,0.3521216705751365,0.2623833078212518,0.2623833078212518,0.29638132832520486,,2f4f3473f49dff8ed3fd64096e6cf6639117e3ac8e18ed4e27e3a8bf35d0e73d,random_seed1004_3to8_budget30.json
stage2b_frozen,random_seed1005,Random (seed 1005),3to8,0.3,1207959552,1207173120,307,4.6240234375,0.278243456403808,0.3217554117442791,0.325921369901473,0.36766826290675714,0.278243456403808,0.32339712523907926,,8e2a2093fedbfbf9eec7297776aa44b58e766a069679f24461c094d60082ff31,random_seed1005_3to8_budget30.json
