method,method_label,method_kind,regime,budget_fraction,mean_relative_delta,mean_relative_delta_ci_low,mean_relative_delta_ci_high,median_relative_delta,worst_relative_delta,worst_relative_delta_ci_low,worst_relative_delta_ci_high,worst_domain,worst_raw_delta_nll,mean_raw_delta_nll,mean_recovery,min_recovery,relative_delta_general,relative_delta_general_ci_low,relative_delta_general_ci_high,delta_nll_general,recovery_general,recovery_general_ci_low,recovery_general_ci_high,relative_delta_math,relative_delta_math_ci_low,relative_delta_math_ci_high,delta_nll_math,recovery_math,recovery_math_ci_low,recovery_math_ci_high,relative_delta_coding,relative_delta_coding_ci_low,relative_delta_coding_ci_high,delta_nll_coding,recovery_coding,recovery_coding_ci_low,recovery_coding_ci_high,relative_delta_reasoning,relative_delta_reasoning_ci_low,relative_delta_reasoning_ci_high,delta_nll_reasoning,recovery_reasoning,recovery_reasoning_ci_low,recovery_reasoning_ci_high
bf16_reference,BF16 baseline,uniform_reference,,,0.0,0.0,0.0,0.0,0.0,0.0,0.0,general,0.0,0.0,0.0,0.0,0.0,0.0,0.0,0.0,0.0,0.0,0.0,0.0,0.0,0.0,0.0,0.0,0.0,0.0,0.0,0.0,0.0,0.0,0.0,0.0,0.0,0.0,0.0,0.0,0.0,0.0,0.0,0.0
uniform_8bit_reference,Uniform 8-bit,uniform_reference,,,0.00034560475228349267,-0.00012756536192212059,0.0008302344390078195,0.0004895023895100492,0.0011805563342497517,0.000549333073928485,0.002202952366684502,coding,0.0022282481193540704,0.00048793226480475793,0.0,0.0,-0.0007771421041358793,-0.0017117298757821956,0.00015246024368909986,-0.002215836048126363,0.0,0.0,0.0,0.00020251812967354447,-0.0006327978392933871,0.001115557788466237,0.00045416593551639295,0.0,0.0,0.0,0.0011805563342497517,0.00027258278070087054,0.0020816798383614353,0.0022282481193540704,0.0,0.0,0.0,0.0007764866493465538,-0.000394120639546038,0.0019190534988173186,0.0014851510524749312,0.0,0.0,0.0
uniform_4bit_reference,Uniform 4-bit,uniform_reference,,,0.019209321917145552,0.016376120397356475,0.0223203426524095,0.01430118757993511,0.03787536774839178,0.033293682092173586,0.043192669656955125,coding,0.07148808956146224,0.04012242078781125,0.0,0.0,0.010359544760320217,0.0044758904858091635,0.017078898524585804,0.02953778028488152,0.0,0.0,0.0,0.014418841976093626,0.008635499041427833,0.019977092563612794,0.03233560800552393,0.0,0.0,0.0,0.03787536774839178,0.033293682092173586,0.043192669656955125,0.07148808956146224,0.0,0.0,0.0,0.014183533183776593,0.008260460472292914,0.02017040112711376,0.027128205299377317,0.0,0.0,0.0
uniform_3bit_reference,Uniform 3-bit,uniform_reference,,,0.07216167265357683,0.06610874072380474,0.0786317493324199,0.06937454894054948,0.08318136195643624,0.07071964343593062,0.10199639498190759,general,0.23717188835144043,0.16284656107425682,0.0,0.0,0.08318136195643624,0.06586677462127596,0.10199639498190759,0.23717188835144043,0.0,0.0,0.0,0.0696247976333674,0.060783928378278756,0.07843384305278261,0.1561401510238647,0.0,0.0,0.0,0.06912430024773157,0.060018864109364814,0.07844356123723024,0.13046907424926757,0.0,0.0,0.0,0.06671623077677206,0.05503224455667417,0.08060003199275874,0.1276051306724546,0.0,0.0,0.0
average_specialization,Average-Specialization,deterministic_milp,3to8,0.2,0.041700503459042505,0.03706253161960782,0.04676346838809923,0.041164186412929404,0.05462615233606104,0.04333385921324945,0.07004528260609465,general,0.155753493309021,0.0959369197487831,0.06690964132547372,0.05241376042366008,0.05462615233606104,0.04155798084732343,0.07004528260609465,0.155753493309021,0.08141839504241943,0.06434324157237985,0.09751320838928201,0.04301580926744721,0.03510100959555225,0.05149109275330558,0.09646699428558358,0.05967315673828111,0.04608112072944622,0.07348063194751775,0.029847488674250182,0.023837015771543867,0.03618089329658943,0.0563358211517333,0.07413325309753427,0.06158347076177602,0.08600944268703462,0.039312563558411596,0.03108293573572884,0.048854233387141614,0.07519137024879452,0.05241376042366008,0.037921068698168005,0.06947994804382317
coding_only,Coding-Only,deterministic_milp,3to8,0.2,0.039876854460182465,0.03536230167111102,0.04490250632518564,0.03935210825852486,0.05752198164598061,0.044394758568828414,0.0733391790414033,general,0.1640102624893185,0.09310716807842245,0.06973939299583437,0.05789353847503653,0.05752198164598061,0.04375746249843721,0.0733391790414033,0.1640102624893185,0.07316162586212194,0.054953010678291156,0.09133928668498976,0.042256664225462044,0.03501496122727063,0.04979243800939535,0.09476454019546532,0.061375610828399374,0.049891196846961715,0.07270311689376821,0.023281219677699545,0.018250671597789817,0.02797018279654355,0.04394227743148793,0.08652679681777964,0.07241557848453511,0.10009293216466925,0.03644755229158767,0.027808011920889872,0.04647125121495284,0.06971159219741807,0.05789353847503653,0.042784881889819916,0.07514762499928442
fragility_robust,Fragility-Robust,deterministic_milp,3to8,0.2,0.04398672475003952,0.03945665209776524,0.04927841465282238,0.04607687222669284,0.05208048930783881,0.0455257867049508,0.06654469522279852,general,0.14849514007568354,0.10014387488365167,0.06270268619060515,0.043900384902954004,0.05208048930783881,0.03931178400617065,0.06654469522279852,0.14849514007568354,0.08867674827575689,0.06688140559196458,0.10887646925449378,0.048390103395694856,0.0401949473064314,0.056915519610994274,0.10851935386657718,0.04762079715728751,0.034993477463722146,0.06011082315444939,0.03171266523893361,0.02455958639639989,0.03884824741784415,0.05985625982284537,0.0706128144264222,0.059331103503704026,0.08126581853628172,0.04376364105769083,0.035139804609409506,0.052974977051683435,0.0837047457695006,0.043900384902954004,0.028877102196216392,0.05949362415075278
general_only,General-Only,deterministic_milp,3to8,0.2,0.04837241248017781,0.04395229654518019,0.05313939588098337,0.042216498614799036,0.07064496245813928,0.06214470104671304,0.07873159435576622,coding,0.13333925724029538,0.10508243083953855,0.05776413023471827,-0.0028701829910278143,0.04193174788346805,0.032508856289163064,0.05211024359781401,0.1195584154129028,0.11761347293853763,0.09029147291183473,0.1467756201028825,0.038411690232973875,0.031031939075828352,0.04647735881603175,0.08614182472229004,0.06999832630157465,0.05714485824108136,0.08282609075307865,0.07064496245813928,0.06214470104671304,0.07873159435576622,0.13333925724029538,-0.0028701829910278143,-0.013518745422363436,0.008083377361297616,0.042501249346130025,0.033062522606817316,0.05352561018922412,0.081290225982666,0.046314904689788605,0.031387742489576376,0.061788766413926936
global_importance,Global-Importance,deterministic_milp,3to8,0.2,0.0394638107910956,0.034926745398114536,0.04459372314936799,0.03698044876861028,0.054972905306358136,0.04298609224198563,0.07018095043958777,general,0.15674217700958248,0.09111717343330383,0.07172938764095299,0.05896237850189223,0.054972905306358136,0.042185654121653475,0.07018095043958777,0.15674217700958248,0.08042971134185795,0.06323087537288673,0.09812482559680959,0.03607567197701458,0.028983602443092418,0.04349374481393761,0.08090308427810688,0.07523706674575781,0.06293869811296454,0.08791258215904244,0.03788522556020598,0.03188656243196933,0.04435962822805946,0.07150669574737534,0.05896237850189223,0.04519116377830512,0.07222707563638693,0.028921440320803703,0.02116709142488865,0.03800701871068868,0.055316736698150626,0.07228839397430398,0.05567149138450606,0.09028357589244827
math_only,Math-Only,deterministic_milp,3to8,0.2,0.04677967512066942,0.04200229715322923,0.05193346616555668,0.046701111973804735,0.061638886300750144,0.05489703484743941,0.07352771530516622,coding,0.16413007736206042,0.10523848086595528,0.05760808020830155,0.014128389358520455,0.057564003339051345,0.04459627035318331,0.07233223864717103,0.16413007736206042,0.07304181098938001,0.05365754127502446,0.09175848793983461,0.03207759023431805,0.02491324377232665,0.03966492417578563,0.0719370102882384,0.08420314073562629,0.07076894640922575,0.0976991618871689,0.061638886300750144,0.053611313390028885,0.06951363041395532,0.11634068489074711,0.014128389358520455,-0.00029637014865891944,0.028256984531879525,0.03583822060855813,0.028389066263245517,0.04427811671750814,0.06854615092277516,0.05905897974967944,0.04362298175692553,0.07577818921208358
reasoning_only,Reasoning-Only,deterministic_milp,3to8,0.2,0.04400557404863897,0.039303454237350294,0.04920704929649848,0.0470459922232856,0.059645578393270095,0.05413410831118019,0.07359007196698673,coding,0.16375319004058841,0.10029211550951,0.06255444556474682,0.017890670299530065,0.05743182072279751,0.044133694704727645,0.07359007196698673,0.16375319004058841,0.07341869831085202,0.05644673347473127,0.09123007023334485,0.03666016372377369,0.028226110123159755,0.04505031648817486,0.08221386194229119,0.0739262890815735,0.06041652768850335,0.08691407704353298,0.059645578393270095,0.05268486507602322,0.0669176194545826,0.1125784039497375,0.017890670299530065,0.00603178715705881,0.03013229161500951,0.022284733354714568,0.014942690773681124,0.029852656106504758,0.04262300610542291,0.08498212456703169,0.06732407981157298,0.10422837454080577
robust_functional,Robust-Functional,deterministic_milp,3to8,0.2,0.04127275666705497,0.036647084573682036,0.046249629302342415,0.043805458659648286,0.050717385657801525,0.04340813316010815,0.06481054837901422,general,0.14460857391357385,0.09443110466003407,0.06841545641422275,0.047181477546691664,0.050717385657801525,0.03830502340103856,0.06481054837901422,0.14460857391357385,0.09256331443786658,0.07110165297985079,0.11320316481590299,0.045562741250090126,0.03802559770239676,0.05381626734827107,0.10217872858047494,0.05396142244338975,0.04061850410699815,0.06633964210748673,0.026762723691121787,0.020063443629663925,0.0335136090218846,0.050513463020324556,0.07995561122894301,0.06897259289026256,0.0905309431552886,0.042048176069206446,0.033468334560779155,0.05174576456068512,0.08042365312576294,0.047181477546691664,0.032817160189152025,0.06204432988166815
robust_routing,Robust-Routing,deterministic_milp,3to8,0.2,0.05289536928327217,0.047771384501768654,0.05868617183976849,0.055261342029094704,0.06153892403939042,0.054569423864003715,0.07755414662258163,general,0.17546361923217768,0.12008928209543218,0.04275727897882464,0.02583302140235899,0.06153892403939042,0.04759756889972,0.07755414662258163,0.17546361923217768,0.06170826911926275,0.04503740799427025,0.0761304547786713,0.05731282099922504,0.04972411408338371,0.06548350645692762,0.1285293865203858,0.02761076450347888,0.017910004734992834,0.036924218595027786,0.03951986903550884,0.030864628883860934,0.04791026208780267,0.07459201335906962,0.05587706089019795,0.045558638930320375,0.065367804706097,0.053209863058964364,0.04385962740875296,0.06369814371598594,0.10177210927009561,0.02583302140235899,0.014379255920648244,0.038305417001247566
random_seed1001,Random (seed 1001),random,3to8,0.2,0.06209344650083736,0.056951858059778156,0.06758727671381018,0.06040784959827272,0.07004129543205054,0.06073657617708456,0.0855568071106729,general,0.19970611095428437,0.13957162946462626,0.023274931609630567,0.009252346754073937,0.07004129543205054,0.05565457939710823,0.0855568071106729,0.19970611095428437,0.037465777397156064,0.02176237070560442,0.05357373714446999,0.05751679137475344,0.0497978071626412,0.06528116616334938,0.12898680925369277,0.027153341770171924,0.015576607108116248,0.03792408895492567,0.0589369047988481,0.05223858111630259,0.0654147905248708,0.11124081373214723,0.019228260517120344,0.009382958769798184,0.02924300467967984,0.061878794397697355,0.05117239874157036,0.07400022617652931,0.11835278391838067,0.009252346754073937,-0.0005813024342062875,0.01936975538730604
random_seed1002,Random (seed 1002),random,3to8,0.2,0.06179065691567845,0.055998700258945946,0.06776572530811655,0.06056072797620963,0.07369811776894085,0.06704900803485575,0.08650246083389249,coding,0.195316457748413,0.13813431322574615,0.02471224784851067,-0.00863287925720213,0.06850174816648355,0.05293593378127814,0.08590492714067825,0.195316457748413,0.04185543060302743,0.0261031664609911,0.05557044053077677,0.05261970778593571,0.04384185705230041,0.06151248338025452,0.11800463914871218,0.03813551187515252,0.027637545347213698,0.049478262543678264,0.07369811776894085,0.06561441971392834,0.08179669861732589,0.1391019535064697,-0.00863287925720213,-0.020092248022556252,0.0031490717530248957,0.05234305394135368,0.042585859139123744,0.0636822254808594,0.10011420249938974,0.027490928173064866,0.01943636703491216,0.035703130304813244
random_seed1003,Random (seed 1003),random,3to8,0.2,0.06064471122847567,0.05471632109309016,0.06676190648563107,0.06114507561418717,0.06836872769182119,0.06035586825040463,0.08664749753871923,general,0.19493718147277805,0.13639983952045426,0.026446721553802566,0.008815536499023668,0.06836872769182119,0.05325633092880522,0.08664749753871923,0.19493718147277805,0.042234706878662376,0.02938552582263959,0.054272438645362686,0.05783644280717111,0.04969730059725799,0.06637451413469594,0.12970365762710578,0.02643649339675891,0.013817406475543626,0.03791511726379427,0.06445370842120324,0.05601581803593916,0.07275460745006125,0.1216535377502439,0.008815536499023668,-0.0026385620832442723,0.01969383758306519,0.051919965993707164,0.04080582533160711,0.06493198972838557,0.0993049812316893,0.02830014944076531,0.01986787211894996,0.03632812154293063
random_seed1004,Random (seed 1004),random,3to8,0.2,0.060363329823871076,0.05482621131949327,0.06611057358882755,0.06011205160942056,0.06480689961715905,0.0589727670870166,0.08147646693626641,general,0.1847814750671386,0.1352281096577645,0.02761845141649233,0.01179550766944848,0.06480689961715905,0.05055905933869291,0.08147646693626641,0.1847814750671386,0.05239041328430183,0.039084005951881065,0.06608600270748102,0.05967495841782116,0.05206769179045606,0.06703598137692879,0.133826701641083,0.02231344938278168,0.013655660629272403,0.030649731516837784,0.05642231645948413,0.048079381409438376,0.06491693166143345,0.10649463891983024,0.023974435329437327,0.013743955552578152,0.033926759362220844,0.060549144801019965,0.04862039523425151,0.0735502446399681,0.11580962300300612,0.01179550766944848,0.0035709313750268757,0.019202444612980006
random_seed1005,Random (seed 1005),random,3to8,0.2,0.05129421414072641,0.046336921581355286,0.05633517382093277,0.049853838884390114,0.0642426312455986,0.053115177333753275,0.07851754561311924,general,0.18317259788513152,0.1167334908246993,0.04611307024955752,0.025254733562469323,0.0642426312455986,0.051246084254681516,0.07851754561311924,0.18317259788513152,0.053999290466308913,0.035721711277961386,0.07269763159751923,0.04619546648307791,0.03874657328746003,0.05409762153007215,0.10359767436981215,0.05254247665405254,0.041035214066505024,0.06323063665628449,0.04122654754852678,0.03258172612744044,0.05060779847829166,0.07781329393386827,0.0526557803153993,0.04228953611850736,0.06239823460578937,0.05351221128570231,0.044841013510094896,0.06279998469697488,0.10235039710998528,0.025254733562469323,0.011861806988716106,0.03829500818252546
average_specialization,Average-Specialization,deterministic_milp,4to8,0.2,0.011433439610990848,0.009242181912154254,0.013668645773339143,0.006605910713047766,0.031682111580276305,0.028192043231725493,0.035059360922365106,coding,0.05979859113693231,0.023207492530345875,0.016914928257465378,0.009325308799744025,0.002951248375664737,-0.0014203911892642156,0.007941035134997219,0.008414783477783239,0.021122996807098282,0.012084742784500002,0.030819027602672765,0.010260573050430795,0.005279702437053106,0.015631281062456617,0.023010299205779905,0.009325308799744025,-0.0028366460204121147,0.02122624522447579,0.031682111580276305,0.028192043231725493,0.035059360922365106,0.05979859113693231,0.011689498424529932,0.005559245765209264,0.01808329069614404,0.0008398254375915573,-0.003289605138884292,0.00475525197881351,0.0016062963008880438,0.025521908998489273,0.017452157020568883,0.03399451440572734
coding_only,Coding-Only,deterministic_milp,4to8,0.2,0.007618702927587168,0.005724453817602732,0.009658164141622681,0.007725859635348067,0.00851208954677461,0.007295305627248872,0.014160431147528407,general,0.02427020072937003,0.017058696746826085,0.023063724040985167,0.005267579555511492,0.00851208954677461,0.003907605051142163,0.014128426677770811,0.02427020072937003,0.005267579555511492,-0.005453143596649157,0.016728683650493337,0.0065110028928779245,0.002649590554913961,0.010337175349389627,0.01460153579711898,0.01773407220840495,0.006904840826988257,0.02943620896339388,0.007570036516055799,0.004767004336905375,0.010325649147108453,0.014288110733032156,0.05719997882843009,0.04826903325319293,0.06707326865196221,0.007881682754640336,0.003997142728958098,0.011697076773391444,0.015074939727783176,0.01205326557159414,0.0032661909461021823,0.021386420726776243
fragility_robust,Fragility-Robust,deterministic_milp,4to8,0.2,0.009221106981025653,0.007232241286167315,0.01129710373239545,0.005340448869105539,0.025616010321265394,0.02196185278262094,0.02915463373734682,coding,0.04834909200668336,0.018799120485782528,0.021323300302028725,0.014906890392303751,0.002909219993105705,-0.0012274462088917035,0.007229221473146583,0.008294949531554963,0.021242830753326558,0.011200294673442968,0.032199822545051535,0.007771677745105373,0.003708347267483184,0.011882878153507179,0.01742871761322018,0.014906890392303751,0.004498754739761368,0.024687974274158128,0.025616010321265394,0.02196185278262094,0.02915463373734682,0.04834909200668336,0.023138997554778884,0.01689601802825924,0.029655429363250822,0.0005875198646261425,-0.004268599227640713,0.00511884256528517,0.0011237227916716108,0.026004482507705706,0.01827707228064538,0.034368200600147204
general_only,General-Only,deterministic_milp,4to8,0.2,0.010041235181787973,0.007891563835297447,0.01207018735222445,0.005739935218573779,0.024147577839572804,0.01983161750378385,0.028500107616508612,coding,0.04557749032974234,0.020568881928920646,0.019553538858890607,0.015625618696212706,0.004537492450431532,0.00032660293178202844,0.009605691114455266,0.012937581539153697,0.016600198745727823,0.005570297420024984,0.028875038266181874,0.0054659333932180745,0.0017230151222408733,0.00914168037367198,0.012257869243621933,0.020077738761901998,0.011641795814037358,0.028282721996307436,0.024147577839572804,0.01983161750378385,0.028500107616508612,0.04557749032974234,0.0259105992317199,0.020921419620514047,0.03093514001369459,0.006013937043929482,0.001665128810521502,0.01047508455015197,0.01150258660316461,0.015625618696212706,0.008522118568420263,0.023434813410043658
global_importance,Global-Importance,deterministic_milp,4to8,0.2,0.0073935001800396125,0.005338400090063693,0.009500323503850213,0.007113567298457216,0.012976311128729674,0.010212973219883391,0.015992026862851765,coding,0.024492216110229448,0.01616193473339078,0.02396048605442047,0.012131469249725413,0.0061047734982662295,0.0013426807336718578,0.011315908176328254,0.017406311035156108,0.012131469249725413,0.002528445661068046,0.02287679255008678,0.008122361098648202,0.004452333884005439,0.011707872786006953,0.01821515798568729,0.014120450019836639,0.003393696188926598,0.024830441057682028,0.012976311128729674,0.01006996731565114,0.015992026862851765,0.024492216110229448,0.046995873451232795,0.03896776306629183,0.05557708805799471,0.002370554994514341,-0.001867566304403413,0.006885644557792026,0.004534053802490279,0.02259415149688704,0.013564315199851861,0.03141057002544399
math_only,Math-Only,deterministic_milp,4to8,0.2,0.011109520498149433,0.008648339308157402,0.013686376695592813,0.007988379037212234,0.023909926763317223,0.01968564528879322,0.028357787264781782,coding,0.04512893438339227,0.023733883202075978,0.016388537585735274,0.004841649532318026,0.008661472509796223,0.0028375573314376036,0.015255093878903789,0.024696130752563494,0.004841649532318026,-0.004341542780399243,0.014744909822940808,0.007315285564628244,0.0036275210406932538,0.011268046968067266,0.016405215263366912,0.015930392742157018,0.0043333542942999405,0.026271126210689433,0.023909926763317223,0.01968564528879322,0.028357787264781782,0.04512893438339227,0.02635915517806997,0.02056595385074634,0.032824957013130394,0.00455139715485604,-0.0006632877947080626,0.009873736248845105,0.008705252408981234,0.018422952890396083,0.008662949770689026,0.028518306761979993
reasoning_only,Reasoning-Only,deterministic_milp,4to8,0.2,0.010815584920591648,0.008530588193301495,0.013379250186860533,0.008023844204451356,0.023443737149815194,0.01903781282259323,0.028031459615351632,coding,0.04424902200698844,0.022864310741424587,0.017258110046386665,0.010765812397003138,0.006583739187514574,0.0010581560688435263,0.012591598723865673,0.018771967887878382,0.010765812397003138,0.0007884992957118198,0.020630613446235326,0.009463949221388138,0.004770789051462531,0.014411250449942651,0.021223795413971125,0.011111812591552805,0.00011438328027753041,0.021366153001785102,0.023443737149815194,0.01903781282259323,0.028031459615351632,0.04424902200698844,0.027239067554473806,0.02200911360979064,0.032198711633682216,0.0037709141236486883,0.0001462176523934205,0.007546447560122192,0.007212457656860405,0.019915747642516912,0.01061425089836115,0.02899868547916414
robust_functional,Robust-Functional,deterministic_milp,4to8,0.2,0.01149950004838281,0.009245432743420842,0.013847796760884,0.005868020776568346,0.0332050677151144,0.029523290047980013,0.03741962594299566,coding,0.06267310380935665,0.023139878511428846,0.016982542276382406,0.008814985752105597,0.0025395873004821086,-0.0022337127906201623,0.00774526978176116,0.007241029739379901,0.02229675054550162,0.013010859549045461,0.032809904456138766,0.009196454252654583,0.004492374839802334,0.014012497896233071,0.02062391281127951,0.01171169519424442,0.0006761217713356471,0.022581994295120318,0.0332050677151144,0.029523290047980013,0.03741962594299566,0.06267310380935665,0.008814985752105597,0.0032066381573677086,0.014116292238235437,0.001056890925280141,-0.003275895305270471,0.005230175790946906,0.0020214676856993297,0.025106737613677987,0.01718409883975991,0.03390213286876678
robust_routing,Robust-Routing,deterministic_milp,4to8,0.2,0.01644012482239657,0.013886195903891358,0.019174996643281372,0.012389928033000857,0.032752011324245885,0.029201125921770384,0.03635745444674624,coding,0.06181797981262194,0.0345671954751014,0.005555225312709855,-0.004293496608733793,0.008446491588409094,0.0027102290091786867,0.014863671948674334,0.02408316373825059,0.00545461654663093,-0.0016483852267268671,0.012773343443870766,0.016333364477592618,0.01105529595010032,0.02180567165262113,0.036629104614257724,-0.004293496608733793,-0.011411289215087595,0.002122561454773053,0.032752011324245885,0.029201125921770384,0.03635745444674624,0.06181797981262194,0.009670109748840305,0.0046060845255851855,0.014578541815281027,0.008228631899338692,0.002492425346808831,0.013625383419630968,0.01573853373527534,0.011389671564101977,0.006589071452617645,0.016156229525804523
random_seed1001,Random (seed 1001),random,4to8,0.2,0.013468170751939235,0.010809584843013883,0.016196657970567196,0.013324518155643676,0.017145088038501646,0.013908925623905567,0.022078783487305045,coding,0.03236059904098498,0.029176056385040172,0.01094636440277108,0.0008011651039123713,0.010078558657967938,0.0044438030266624315,0.016390062367959396,0.02873661518096915,0.0008011651039123713,-0.006623128354549024,0.008894758999347295,0.014052899409699648,0.008923627738811455,0.01892340390070332,0.03151494741439809,0.0008206605911258436,-0.004729972422123007,0.006856397628784238,0.017145088038501646,0.01269226954982286,0.022044868557778288,0.03236059904098498,0.03912749052047726,0.03383770895004272,0.04412152892351142,0.012596136901587701,0.007244476636522216,0.017998994864900964,0.02409206390380847,0.0030361413955688477,-0.0018785145282745495,0.008002054810524087
random_seed1002,Random (seed 1002),random,4to8,0.2,0.01745797477040481,0.014784926682201781,0.020197828148911134,0.012654340794543844,0.035225565448235095,0.03100233220372526,0.040053024962845296,coding,0.06648670434951764,0.03663465231657026,0.003487768471240993,-0.002567534446716202,0.009297652044296455,0.0037891385769364024,0.014898481381166393,0.02651004552841174,0.00302773475646978,-0.0030760593414307148,0.008939865708351334,0.015563736899642105,0.010807979325431824,0.020359931776007048,0.03490314245224013,-0.002567534446716202,-0.009189116835594414,0.003573327064514252,0.035225565448235095,0.03100233220372526,0.040053024962845296,0.06648670434951764,0.005001385211944598,0.0010801799893381148,0.008881971359253053,0.009744944689445584,0.003988446022297708,0.015322810643218106,0.01863871693611152,0.008489488363265796,0.004240161061286901,0.012305682718753812
random_seed1003,Random (seed 1003),random,4to8,0.2,0.01614379102273333,0.013494566222123295,0.019076865581150956,0.012994585741509579,0.031262125091162704,0.026536624085452865,0.036856153867651155,coding,0.05900588512420635,0.03361840516328801,0.0065040156245232406,-0.0008143568038936344,0.007323867516751459,0.002417404836579674,0.012982680171495124,0.02088226795196535,0.008655512332916171,0.003605789065360987,0.013911130666732763,0.01478197360687951,0.009943238447574774,0.019350721159632264,0.033149964809417565,-0.0008143568038936344,-0.006319161295890785,0.004841827690601184,0.031262125091162704,0.026536624085452865,0.036856153867651155,0.05900588512420635,0.012482204437255895,0.007745723664760529,0.017286248922348074,0.011207197876139646,0.005375134933458265,0.016935731304417466,0.021435502767562786,0.005692702531814531,0.0025836152434349224,0.008833153128624
random_seed1004,Random (seed 1004),random,4to8,0.2,0.01767353117985088,0.01509750114433791,0.020459509463119693,0.012383462487580458,0.03752420404488624,0.03341310424277541,0.04269084518068698,coding,0.07082528352737416,0.03653655886650081,0.0035858619213104403,0.0006628060340880815,0.008402995699356364,0.002542649361905736,0.015310296127729597,0.02395914554595935,0.005578634738922172,-0.0022294074892997505,0.012618731915950842,0.012096855009147475,0.0070794940104329535,0.017261423118408267,0.027128334045410263,0.0052072739601136675,0.0005327435731887987,0.009847094535827605,0.03752420404488624,0.03341310424277541,0.04269084518068698,0.07082528352737416,0.0006628060340880815,-0.003361019730567988,0.004885913670063096,0.012670069966013442,0.007084680480887454,0.018527086504424993,0.024233472347259477,0.00289473295211784,-0.0007535867094992543,0.0068275884985924285
random_seed1005,Random (seed 1005),random,4to8,0.2,0.011253216855459453,0.00891864764728922,0.013621424160792515,0.005886891331944857,0.029212864880465213,0.025227325279843487,0.033835197885060404,coding,0.05513799667358388,0.022882108390331224,0.01724031239748003,0.01608097553253174,0.00402621987748288,-0.0005995196280713602,0.00912955319660479,0.011479809284209885,0.018057971000671635,0.009115279614925498,0.026758795678615586,0.007248138861886134,0.0025201433476220282,0.012152980800025257,0.016254632472992192,0.01608097553253174,0.007447772145271015,0.024614050507545136,0.029212864880465213,0.025227325279843487,0.033835197885060404,0.05513799667358388,0.016350092887878365,0.012471546769142323,0.020379515886306765,0.004525643802003581,-0.00020057696656121933,0.009438372144709746,0.00865599513053894,0.018472210168838377,0.010541542470455278,0.026937203973531835
