metric,domain_a,domain_b,layer,layer_ordinal,spearman,kendall_tau,bootstrap_mean_spearman,bootstrap_ci_low,bootstrap_ci_high,bootstrap_replicates
routing_frequency,general,math,0,0,0.14567641204394743,0.09727048344248033,0.15430455195556875,0.07633589752895498,0.2287649187313371,100
routing_frequency,general,math,1,1,0.4479956042949701,0.34143920595533495,0.45236909611299503,0.40950691167353925,0.5197512288965782,100
routing_frequency,general,math,2,2,0.11618988748085476,0.08488458936068526,0.11892214721955764,0.03271423866073237,0.2196060409610088,100
routing_frequency,general,math,3,3,0.18965635665127462,0.13498760967527884,0.1891975518163375,0.1113687939840183,0.27131922844291884,100
routing_frequency,general,math,4,4,0.07427250057586889,0.05413463323480193,0.0912907662224444,-0.013330428873269065,0.20256292658036912,100
routing_frequency,general,math,5,5,-0.03528051558778269,-0.03425167640869756,-0.04405601948025602,-0.14465538754825416,0.05698563288445779,100
routing_frequency,general,math,6,6,0.10684646116154645,0.07491937715031066,0.11311660317318564,0.012223783883252504,0.21062695985521335,100
routing_frequency,general,math,7,7,-0.0359669406350878,-0.018858560794044663,-0.0141487360072421,-0.10754186747347744,0.08600195585676113,100
routing_frequency,general,math,8,8,0.1801282051282051,0.12103174603174602,0.1934494399415038,0.0779475732600733,0.2909662754051429,100
routing_frequency,general,math,9,9,0.06441310469562032,0.04367245657568238,0.07528218536105748,-0.03002314060062085,0.15427546103873666,100
routing_frequency,general,math,10,10,0.03582998502519204,0.02432366025494159,0.04419348269612154,-0.03751862453556789,0.13232395226602553,100
routing_frequency,general,math,11,11,0.18212204811229954,0.13346564538697728,0.18813161575200404,0.0807595839851974,0.28269210958937235,100
routing_frequency,general,math,12,12,0.1663461538461538,0.1220238095238095,0.15169177210850346,0.05094296111774094,0.24134470030924426,100
routing_frequency,general,math,13,13,0.15700549450549448,0.11011904761904762,0.14960672740082778,0.04624362051039148,0.23807450316251136,100
routing_frequency,general,math,14,14,0.17807184235075013,0.11811415846586898,0.1696197309641986,0.08312156593406592,0.25148237179487176,100
routing_frequency,general,math,15,15,0.2885630230164913,0.21990569056598577,0.2826892126029547,0.2073884774457925,0.3608285814825641,100
routing_frequency,general,math,average,average,0.1413668514166124,0.10169886725251306,0.14472875798998514,0.07529802198241492,0.22043503535149964,100
routing_frequency,general,coding,0,0,-0.19320497269194908,-0.13200994181479475,-0.1852883660081348,-0.24732460641850568,-0.11438411957723442,100
routing_frequency,general,coding,1,1,-0.003892030495203644,-0.003970223325062035,0.009781096556033698,-0.049217274959625426,0.07450292143824569,100
routing_frequency,general,coding,2,2,0.008012912236241966,0.008434631864604513,0.01649080525501022,-0.0519062731696761,0.09668622326032053,100
routing_frequency,general,coding,3,3,-0.19817303514889342,-0.13598016562877352,-0.1906756719251862,-0.26818462955000777,-0.12909097593751404,100
routing_frequency,general,coding,4,4,-0.060078074119916024,-0.03775461376592293,-0.06516121548254039,-0.14753911486455462,0.047870209271211654,100
routing_frequency,general,coding,5,5,-0.15712356056225227,-0.1101737108379114,-0.14823501265579492,-0.2350472981012679,-0.03688094495528625,100
routing_frequency,general,coding,6,6,-0.035670948133649225,-0.050161424398622007,-0.034544019260281986,-0.13115363560509077,0.05364523200529656,100
routing_frequency,general,coding,7,7,-0.017788868792783716,-0.006947890818858561,-0.003948377352114401,-0.09257767123837445,0.08060620141422116,100
routing_frequency,general,coding,8,8,-0.03138915922948438,-0.03177757276895919,-0.021363787101198784,-0.13845209337696499,0.0999771050325587,100
routing_frequency,general,coding,9,9,-0.15226996955058494,-0.11017369727047145,-0.16081237493207948,-0.2600678015731395,-0.05399895061784888,100
routing_frequency,general,coding,10,10,-0.3247630386857845,-0.23237341494018401,-0.3224553643015035,-0.4323860213146135,-0.20628449486783454,100
routing_frequency,general,coding,11,11,-0.2348981764637576,-0.16331596432552895,-0.2503030827514638,-0.3394602461237552,-0.1473299862799726,100
routing_frequency,general,coding,12,12,-0.28063829307476146,-0.19156329902447658,-0.2834186881244721,-0.40579710913014483,-0.15703648165499623,100
routing_frequency,general,coding,13,13,-0.3044413919413919,-0.20337301587301587,-0.32113989440352775,-0.44365136266666655,-0.20312777344386534,100
routing_frequency,general,coding,14,14,-0.4551334150185437,-0.3190275464082765,-0.4475226164555896,-0.5094995091024875,-0.3574502167777228,100
routing_frequency,general,coding,15,15,-0.3742759679544951,-0.23523576097824328,-0.36588728748545873,-0.429631238469259,-0.28843452730348906,100
routing_frequency,general,coding,average,average,-0.17598299935170056,-0.12221272564465603,-0.17340524102676888,-0.25116393224265854,-0.09057454436478465,100
routing_frequency,general,reasoning,0,0,-0.025664800761780925,-0.017374038758034994,-0.034935823054381684,-0.12764363617034746,0.05486839866317834,100
routing_frequency,general,reasoning,1,1,0.4133450857391423,0.2997518610421836,0.41362414150687465,0.36989937852909416,0.4606721014140902,100
routing_frequency,general,reasoning,2,2,0.23235422056365754,0.15483870967741933,0.2197617916079874,0.12996989115314292,0.3189770334361767,100
routing_frequency,general,reasoning,3,3,0.22478135445762162,0.16385302879841113,0.20398552010692675,0.11877345815245248,0.3115792305518987,100
routing_frequency,general,reasoning,4,4,-0.04834518210999948,-0.03677932859840595,-0.03206296456970642,-0.14463995937381435,0.10518859097605221,100
routing_frequency,general,reasoning,5,5,-0.013187266047088145,-0.017374038758034994,-0.006990984893808315,-0.1022424963941482,0.148866159939559,100
routing_frequency,general,reasoning,6,6,0.1449421353361368,0.10369635645307901,0.17157903398427748,0.0844601401717718,0.26700339978168464,100
routing_frequency,general,reasoning,7,7,0.011309653270581518,-0.005457702971214684,0.03225086092082218,-0.07021856008974747,0.16437492773984622,100
routing_frequency,general,reasoning,8,8,0.15956959706959706,0.12797619047619047,0.17614734780548877,0.07701716469404683,0.27718903352937996,100
routing_frequency,general,reasoning,9,9,0.1306348588566588,0.09429280397022333,0.13695452886168535,0.05121711535816239,0.25782784291166955,100
routing_frequency,general,reasoning,10,10,0.01705664179209795,0.014895731726934872,0.0066703295742141224,-0.06984169149722137,0.0862689619232803,100
routing_frequency,general,reasoning,11,11,0.24128023445072594,0.1830811269434744,0.22628453729536,0.1281801745323224,0.3208556925128604,100
routing_frequency,general,reasoning,12,12,0.10968532149667216,0.11361945276437842,0.10708606285263515,-0.045948001794058835,0.2612134983401258,100
routing_frequency,general,reasoning,13,13,0.19831040093111307,0.13995038944275232,0.1842680794860855,0.06191836401584934,0.3142742280073337,100
routing_frequency,general,reasoning,14,14,0.10527038794863072,0.06852039128306826,0.10353632907189274,0.022175215351519374,0.18878853441716803,100
routing_frequency,general,reasoning,15,15,0.29121879187319655,0.21394887727751663,0.2853606396512559,0.2121549894188253,0.37631641200299754,100
routing_frequency,general,reasoning,average,average,0.1370350896791852,0.10008998817312131,0.1370949643879756,0.06368550368251741,0.2372249219085638,100
routing_frequency,math,coding,0,0,0.45947802197802196,0.3224206349206349,0.4548776094280337,0.4063335622710622,0.5064339641761021,100
routing_frequency,math,coding,1,1,0.4260857620366766,0.3017369727047146,0.4233009661171667,0.3764477986952779,0.4653251700908428,100
routing_frequency,math,coding,2,2,0.3729023101322985,0.26799010744356827,0.37074529291776565,0.34391354494849674,0.4018640163790723,100
routing_frequency,math,coding,3,3,0.6146978021978021,0.44742063492063494,0.604101083232421,0.5653791667873486,0.6377289377289376,100
routing_frequency,math,coding,4,4,0.4895431495644627,0.3636814798091239,0.4926593928176616,0.4632570987655073,0.5254487107189469,100
routing_frequency,math,coding,5,5,0.632012729124845,0.44306625029951935,0.6339010347091214,0.5911930558563419,0.6677319859373686,100
routing_frequency,math,coding,6,6,0.6880430438836359,0.5283021472839465,0.6870829467815512,0.6626126626467213,0.7142404176706624,100
routing_frequency,math,coding,7,7,0.6711005288582613,0.4972704714640198,0.673674848354305,0.6474798816102988,0.7008466813702929,100
routing_frequency,math,coding,8,8,0.685387214218705,0.5173786066446169,0.6813041130099278,0.6466280055552436,0.7077245175231098,100
routing_frequency,math,coding,9,9,0.5128551477826873,0.39106699751861035,0.5171544654111481,0.4839028616614674,0.5456204649417494,100
routing_frequency,math,coding,10,10,0.433452763910769,0.3051352115724573,0.4277528639989434,0.3826074090505586,0.4683778652931819,100
routing_frequency,math,coding,11,11,0.35101536216529966,0.2560794360016319,0.35516827512306876,0.3162192581254792,0.3912963948371134,100
routing_frequency,math,coding,12,12,0.32029121554216944,0.2203474216758228,0.3288038111347084,0.2874687962272554,0.36211980525685084,100
routing_frequency,math,coding,13,13,0.2964285714285714,0.1904761904761905,0.30107745620729953,0.2696224160008956,0.336228578738238,100
routing_frequency,math,coding,14,14,0.27636022301111285,0.17622239311721208,0.2715623773413598,0.23657678283988673,0.30867839948780407,100
routing_frequency,math,coding,15,15,0.18663217299955576,0.13743488391149702,0.19039971063533453,0.16345139025098177,0.22450934526498406,100
routing_frequency,math,coding,average,average,0.46351787617717966,0.3353768649852626,0.46334789045123864,0.43501874384788947,0.4859794831967143,100
routing_frequency,math,reasoning,0,0,0.29496674643354714,0.23269660849997154,0.29637035354438035,0.24999391891569375,0.33531247941710896,100
routing_frequency,math,reasoning,1,1,0.51821241328785,0.3682382133995037,0.5159794160042009,0.48043618419085243,0.5613167069325404,100
routing_frequency,math,reasoning,2,2,0.3742573577634547,0.2745098123769529,0.37086860111748193,0.3090758026347097,0.42532189519530955,100
routing_frequency,math,reasoning,3,3,0.6555324070492451,0.4674938540960024,0.6514704372761139,0.6146715729723737,0.6897894317341842,100
routing_frequency,math,reasoning,4,4,0.6053321431732125,0.42740145876540225,0.5948190112391144,0.5521487602579327,0.6379334441176205,100
routing_frequency,math,reasoning,5,5,0.3969184276196799,0.29379652605459056,0.40310056662036564,0.35598619801128,0.459793782880267,100
routing_frequency,math,reasoning,6,6,0.6836996336996336,0.5089285714285714,0.6723958951295529,0.645653156133637,0.7013300061589952,100
routing_frequency,math,reasoning,7,7,0.5755102508418587,0.4093277228411013,0.5671559188008568,0.5242911434769261,0.6140121945153929,100
routing_frequency,math,reasoning,8,8,0.7186813186813187,0.5248015873015873,0.7180873686333039,0.6912886155316572,0.7473161172569999,100
routing_frequency,math,reasoning,9,9,0.6437418439066829,0.4843672456575682,0.6408634138639375,0.6071676734222854,0.6754270759075406,100
routing_frequency,math,reasoning,10,10,0.6590734784483819,0.5284048785766944,0.6541641002372038,0.6124995707769737,0.6969699745188144,100
routing_frequency,math,reasoning,11,11,0.5074175824175824,0.3918650793650793,0.5024354988737493,0.45935622085923933,0.5442380147642177,100
routing_frequency,math,reasoning,12,12,0.4679540745965308,0.3468122160799149,0.4664506110444702,0.4335277418752652,0.5063883871190554,100
routing_frequency,math,reasoning,13,13,0.5768447081344176,0.4168735004677729,0.5685499411563307,0.5157703754578754,0.6141035044564629,100
routing_frequency,math,reasoning,14,14,0.4409986950808986,0.31892701401731194,0.4404852727035234,0.39371815824429435,0.4854164566301643,100
routing_frequency,math,reasoning,15,15,0.6619542571945328,0.49032258064516127,0.6636698502306647,0.6314432400051977,0.6963777706667221,100
routing_frequency,math,reasoning,average,average,0.5488184586455518,0.4052979293483242,0.5454291410297032,0.5153730381295635,0.5764578416711356,100
routing_frequency,coding,reasoning,0,0,0.3277510044972571,0.22475813145093199,0.3175299012162438,0.2749233834826498,0.3543048413937089,100
routing_frequency,coding,reasoning,1,1,0.09549211291467295,0.07047146401985112,0.10260277838891282,0.04767823575593878,0.15556914830404625,100
routing_frequency,coding,reasoning,2,2,0.3512860724368478,0.2555197300159602,0.34538447505958325,0.29254741928907607,0.3956562899138176,100
routing_frequency,coding,reasoning,3,3,0.3243435061176494,0.216377197861844,0.3279955216897001,0.2844486786268872,0.3750168822722295,100
routing_frequency,coding,reasoning,4,4,0.2835294657091826,0.20953329295888384,0.27931973012521866,0.23444675934159612,0.3251586112534596,100
routing_frequency,coding,reasoning,5,5,0.3215925090928311,0.2366658470244913,0.3203371643009011,0.26845328346839004,0.391816267078656,100
routing_frequency,coding,reasoning,6,6,0.5204968241598089,0.39821270876101994,0.5152855931634636,0.48126009344431586,0.5548880446298696,100
routing_frequency,coding,reasoning,7,7,0.4430682585942593,0.30910445009697707,0.45140421601005853,0.4091121834274238,0.5048245343002026,100
routing_frequency,coding,reasoning,8,8,0.5057752855860974,0.354518546203701,0.5084611899299097,0.4728238906333445,0.5509291150849372,100
routing_frequency,coding,reasoning,9,9,0.28423269763501907,0.21439205955334986,0.2871736023686919,0.23653544334837417,0.3416376029016238,100
routing_frequency,coding,reasoning,10,10,0.24462556377206435,0.18858560794044665,0.24369660854086006,0.2018772451076352,0.2913735655524723,100
routing_frequency,coding,reasoning,11,11,0.04606332563765868,0.04168735004677729,0.0442793953308988,0.0030065751413600236,0.0906973393752394,100
routing_frequency,coding,reasoning,12,12,0.10249894113335699,0.08289898493119555,0.102918845572971,0.0579858786354171,0.15114506217379345,100
routing_frequency,coding,reasoning,13,13,-0.006982760596165953,-0.011910671441936369,-0.008316801578285198,-0.04392365896125458,0.03616416846035359,100
routing_frequency,coding,reasoning,14,14,0.005609295407119877,0.01738267182130466,0.013671444567934687,-0.03076538033465253,0.06797841157062551,100
routing_frequency,coding,reasoning,15,15,0.09766595314230922,0.061027042314491464,0.10909578843453524,0.07204467621542217,0.1495455430115038,100
routing_frequency,coding,reasoning,average,average,0.24669050345249804,0.17932652584745562,0.24755246582009993,0.21409279572736933,0.285289473781039,100
gate_mass,general,math,0,0,0.2223443223443223,0.14682539682539683,0.21594001831501827,0.14118131868131867,0.3090567765567765,100
gate_mass,general,math,1,1,0.5133241758241758,0.3958333333333333,0.5008017970101561,0.4463335622710622,0.557418727106227,100
gate_mass,general,math,2,2,0.17838827838827837,0.1259920634920635,0.18820558608058605,0.08599015567765574,0.29679487179487174,100
gate_mass,general,math,3,3,0.2039377289377289,0.14484126984126983,0.18958470695970697,0.11489583333333334,0.27557806776556776,100
gate_mass,general,math,4,4,0.12458791208791208,0.0763888888888889,0.12091804029304026,0.015417811355311378,0.23741872710622694,100
gate_mass,general,math,5,5,-0.004258241758241758,-0.005952380952380953,0.005815476190476188,-0.0858642399267399,0.0856307234432234,100
gate_mass,general,math,6,6,0.17678571428571427,0.13194444444444442,0.17187733946351877,0.08337271208504404,0.2770604395604395,100
gate_mass,general,math,7,7,0.07701553360776563,0.05507318452771181,0.069628663003663,-0.016998626373626372,0.15314445970695964,100
gate_mass,general,math,8,8,0.16456043956043953,0.10813492063492063,0.1686790293040293,0.057116529304029294,0.277889194139194,100
gate_mass,general,math,9,9,0.07825091575091574,0.04761904761904762,0.0886108121504119,0.001111492673992679,0.19123969780219777,100
gate_mass,general,math,10,10,0.009294871794871793,0.01488095238095238,0.012874542124542122,-0.06787087912087912,0.10037087912087908,100
gate_mass,general,math,11,11,0.2201007326007326,0.1706349206349206,0.21580677655677655,0.12382898351648353,0.31360691391941387,100
gate_mass,general,math,12,12,0.08475274725274724,0.04861111111111111,0.07925274725274725,-0.04411744505494502,0.17661172161172156,100
gate_mass,general,math,13,13,0.18786630036630036,0.1359126984126984,0.1781858974358974,0.08908424908424908,0.2635920329670329,100
gate_mass,general,math,14,14,0.18937728937728934,0.1329365079365079,0.18108012820512814,0.08827495421245424,0.27156936813186805,100
gate_mass,general,math,15,15,0.22477106227106222,0.15674603174603174,0.2066538461538461,0.12472985347985346,0.27782623626373615,100
gate_mass,general,math,average,average,0.1656937364182509,0.11790139942980737,0.1621197129062215,0.08946410281573593,0.23595581501831495,100
gate_mass,general,coding,0,0,-0.01941391941391941,-0.017857142857142856,-0.0077612216936542135,-0.07690247252747251,0.06999885531135527,100
gate_mass,general,coding,1,1,0.1499084249084249,0.10317460317460315,0.14333699633699631,0.08870764652014652,0.1978697344322344,100
gate_mass,general,coding,2,2,0.08782051282051281,0.05753968253968254,0.09860760812288781,-0.003115842490842454,0.1920203754578752,100
gate_mass,general,coding,3,3,-0.18159340659340656,-0.125,-0.18057877553886667,-0.24879349816849813,-0.0909283424908425,100
gate_mass,general,coding,4,4,-0.02971611721611721,-0.005952380952380953,-0.02516300366300366,-0.12189903846153843,0.06845810439560435,100
gate_mass,general,coding,5,5,-0.12765567765567765,-0.0873015873015873,-0.1071153878230837,-0.20611950549450545,-0.014765338827838826,100
gate_mass,general,coding,6,6,0.06414835164835164,0.04365079365079365,0.06455260375678519,-0.03293135223833243,0.15422619047619043,100
gate_mass,general,coding,7,7,0.08722527472527472,0.05555555555555555,0.088456706736384,0.007639652014652045,0.1688248881083015,100
gate_mass,general,coding,8,8,0.06625457875457876,0.03869047619047619,0.07290910955796649,-0.05056053243487496,0.16322272547129116,100
gate_mass,general,coding,9,9,-0.03402014652014651,-0.021825396825396824,-0.0372161641371842,-0.14293383699633697,0.053455815018314964,100
gate_mass,general,coding,10,10,-0.19125457875457877,-0.1359126984126984,-0.17293417389940596,-0.2849759615384615,-0.07479166666666669,100
gate_mass,general,coding,11,11,-0.0798076923076923,-0.04563492063492063,-0.08901473491165963,-0.18684165341944603,-0.014190705128205151,100
gate_mass,general,coding,12,12,-0.05439560439560439,-0.03571428571428571,-0.06945845544671507,-0.19956730769230765,0.03976762820512814,100
gate_mass,general,coding,13,13,-0.1924450549450549,-0.1259920634920635,-0.19741117216117218,-0.2996840659340659,-0.10764423076923076,100
gate_mass,general,coding,14,14,-0.23072344322344318,-0.1636904761904762,-0.22609371611110504,-0.3077317922564458,-0.15169557158312288,100
gate_mass,general,coding,15,15,-0.2746336996336996,-0.18055555555555555,-0.2669440560784635,-0.3495825729494454,-0.18245650183150186,100
gate_mass,general,coding,average,average,-0.06001888736263736,-0.040426587301587304,-0.05698923980958086,-0.14060333897740138,0.02235016311997374,100
gate_mass,general,reasoning,0,0,0.04194139194139194,0.02380952380952381,0.042147902054208396,-0.05038003663003662,0.11246222527472524,100
gate_mass,general,reasoning,1,1,0.4833333333333333,0.3382936507936508,0.47930202398500377,0.4391185897435897,0.5215464743589743,100
gate_mass,general,reasoning,2,2,0.2907509157509157,0.20039682539682538,0.288989010989011,0.22555746336996338,0.3598889652014651,100
gate_mass,general,reasoning,3,3,0.19908424908424907,0.14781746031746032,0.18945423296356945,0.11816735347985348,0.2579052197802197,100
gate_mass,general,reasoning,4,4,-0.0015567765567765564,-0.007936507936507936,0.00966712454212454,-0.10458676739926735,0.11652815934065922,100
gate_mass,general,reasoning,5,5,0.026968864468864463,0.013888888888888888,0.0467896067748261,-0.06157509157509153,0.16365613553113548,100
gate_mass,general,reasoning,6,6,0.2209706959706959,0.1607142857142857,0.2328333333333333,0.16736149267399267,0.33846726190476184,100
gate_mass,general,reasoning,7,7,0.11195054945054946,0.06944444444444443,0.11475045787545786,0.019463141025641027,0.21868589743589742,100
gate_mass,general,reasoning,8,8,0.2409340659340659,0.19146825396825395,0.25036263736263736,0.14797504578754578,0.3485931776556776,100
gate_mass,general,reasoning,9,9,0.1502289377289377,0.10019841269841269,0.1521007326007326,0.07376945970695971,0.23241414835164823,100
gate_mass,general,reasoning,10,10,-0.015338827838827836,-0.00992063492063492,-0.008644230769230767,-0.07163804945054943,0.06457646520146519,100
gate_mass,general,reasoning,11,11,0.2717032967032967,0.19742063492063494,0.26235485347985343,0.19265567765567765,0.335191163003663,100
gate_mass,general,reasoning,12,12,0.1107142857142857,0.10218253968253967,0.12648946886446885,-0.004170100732600725,0.2448408882783882,100
gate_mass,general,reasoning,13,13,0.27985347985347986,0.1845238095238095,0.2755847069597069,0.19022321428571426,0.36907852564102556,100
gate_mass,general,reasoning,14,14,0.08777472527472525,0.05158730158730158,0.09516163003663003,0.016510989010989015,0.17795902014652,100
gate_mass,general,reasoning,15,15,0.23136446886446885,0.17261904761904762,0.23678159340659335,0.14993017399267397,0.33154761904761876,100
gate_mass,general,reasoning,average,average,0.17066735347985346,0.12103174603174602,0.1746328177786829,0.10754664606227107,0.24841410542582412,100
gate_mass,math,coding,0,0,0.39491758241758235,0.2876984126984127,0.40326446628389584,0.3621852106227106,0.43854166666666655,100
gate_mass,math,coding,1,1,0.47257326007326,0.33630952380952384,0.46737591575091564,0.426426282051282,0.5104967948717948,100
gate_mass,math,coding,2,2,0.4044413919413919,0.28869047619047616,0.3958612637362638,0.3557440476190476,0.4245032051282051,100
gate_mass,math,coding,3,3,0.5864010989010988,0.42261904761904756,0.584771978021978,0.5555208333333332,0.6091620879120878,100
gate_mass,math,coding,4,4,0.5065018315018315,0.3700396825396825,0.5019688644688644,0.4700938644688645,0.5332589285714284,100
gate_mass,math,coding,5,5,0.6210164835164834,0.4384920634920635,0.6164288750160619,0.5808905677655678,0.6495992716765926,100
gate_mass,math,coding,6,6,0.7168956043956043,0.5625,0.7193910141091346,0.6963070660717902,0.7400337047476057,100
gate_mass,math,coding,7,7,0.7188040156608257,0.5343587363634741,0.7130508818386379,0.6889328977701219,0.7360393772893772,100
gate_mass,math,coding,8,8,0.6818223443223442,0.5178571428571429,0.6850869009175046,0.6460532561205852,0.7110579294507803,100
gate_mass,math,coding,9,9,0.5703296703296703,0.43452380952380953,0.5745930498351588,0.5484374999999999,0.6042731227106226,100
gate_mass,math,coding,10,10,0.49542124542124544,0.35912698412698413,0.49129847250036396,0.45032509157509154,0.5302681886345781,100
gate_mass,math,coding,11,11,0.42934981684981677,0.3194444444444444,0.43958071056368253,0.3997229853479853,0.48575663919413914,100
gate_mass,math,coding,12,12,0.3747252747252747,0.26091269841269843,0.380568093771369,0.32607028388278386,0.43109317765567756,100
gate_mass,math,coding,13,13,0.32358058608058604,0.22619047619047616,0.32810576923076906,0.2914629120879121,0.36114468864468857,100
gate_mass,math,coding,14,14,0.2837912087912088,0.20337301587301587,0.28280233539580546,0.23927815109341347,0.3282760486896049,100
gate_mass,math,coding,15,15,0.24056776556776552,0.1706349206349206,0.24075633365290774,0.20547625317570078,0.27537087912087904,100
gate_mass,math,coding,average,average,0.48882119878099933,0.35829821467351075,0.4890565578183321,0.46103972894872786,0.5087456225336134,100
gate_mass,math,reasoning,0,0,0.3293040293040293,0.2579365079365079,0.32841051875889676,0.28743131868131866,0.3655139652014652,100
gate_mass,math,reasoning,1,1,0.6202380952380951,0.4384920634920635,0.6123667582417581,0.5720432692307692,0.6518463827838826,100
gate_mass,math,reasoning,2,2,0.4318681318681318,0.3224206349206349,0.4262664835164835,0.3719539835164835,0.4739148351648351,100
gate_mass,math,reasoning,3,3,0.6663003663003663,0.47123015873015867,0.671529304029304,0.6319436813186813,0.7183653846153845,100
gate_mass,math,reasoning,4,4,0.6663919413919414,0.47123015873015867,0.6520860805860803,0.6094574175824176,0.6905162545787544,100
gate_mass,math,reasoning,5,5,0.4523809523809523,0.3214285714285714,0.4464052684093572,0.3928056318681319,0.49549450549450547,100
gate_mass,math,reasoning,6,6,0.7343406593406593,0.5525793650793651,0.7261587366514379,0.6906456043956043,0.7559993131868131,100
gate_mass,math,reasoning,7,7,0.5926578830274165,0.42322005767692045,0.5889789377289376,0.5578205128205127,0.6201488095238095,100
gate_mass,math,reasoning,8,8,0.7307692307692307,0.5416666666666666,0.7282235257954878,0.7042559523809523,0.7508985805860805,100
gate_mass,math,reasoning,9,9,0.6457417582417582,0.4990079365079365,0.6406085164835165,0.6125847069597069,0.668793498168498,100
gate_mass,math,reasoning,10,10,0.6510531135531135,0.5406746031746031,0.6464848901098901,0.6086252289377289,0.6815762362637362,100
gate_mass,math,reasoning,11,11,0.5698260073260072,0.43353174603174605,0.5598827838827838,0.5199095695970696,0.5954143772893772,100
gate_mass,math,reasoning,12,12,0.49688644688644684,0.375,0.4957390109890109,0.4540281593406593,0.5404578754578753,100
gate_mass,math,reasoning,13,13,0.6222527472527472,0.4672619047619047,0.6132857142857142,0.5555563186813186,0.6580608974358974,100
gate_mass,math,reasoning,14,14,0.5254120879120878,0.3829365079365079,0.5172408424908425,0.46758241758241753,0.5729532967032966,100
gate_mass,math,reasoning,15,15,0.7179487179487178,0.5257936507936508,0.7101804827455035,0.6753102106227105,0.739044184981685,100
gate_mass,math,reasoning,average,average,0.5908357605463563,0.43902565836671226,0.5852404909190629,0.5541823345924908,0.6144866786858973,100
gate_mass,coding,reasoning,0,0,0.21758241758241756,0.1527777777777778,0.21447573260073255,0.16801053113553113,0.25489125457875456,100
gate_mass,coding,reasoning,1,1,0.23310439560439558,0.1636904761904762,0.22173580586080582,0.17950663919413917,0.26320169413919403,100
gate_mass,coding,reasoning,2,2,0.33017399267399267,0.2242063492063492,0.3316350732600732,0.2858665293040293,0.3767788461538461,100
gate_mass,coding,reasoning,3,3,0.3348443223443223,0.2351190476190476,0.3330576923076924,0.2907875457875458,0.3852598443223443,100
gate_mass,coding,reasoning,4,4,0.2853021978021978,0.20039682539682538,0.28149865982384786,0.2374679487179487,0.3263713369963369,100
gate_mass,coding,reasoning,5,5,0.34020146520146516,0.23214285714285715,0.3358324922400412,0.29553113553113547,0.38034913003662996,100
gate_mass,coding,reasoning,6,6,0.5472069597069597,0.40674603174603174,0.5460546638901937,0.5173500457875457,0.5828732392758915,100
gate_mass,coding,reasoning,7,7,0.48511904761904756,0.3412698412698412,0.4919302722219067,0.45031364468864465,0.5391838369963369,100
gate_mass,coding,reasoning,8,8,0.5562271062271061,0.3968253968253968,0.5595152381883713,0.5253628663003662,0.6010416495837632,100
gate_mass,coding,reasoning,9,9,0.32229853479853476,0.2509920634920635,0.33294529178017046,0.2860347985347985,0.38097527472527465,100
gate_mass,coding,reasoning,10,10,0.2636446886446886,0.19742063492063494,0.2656174609607383,0.21606632270527762,0.31888623382669734,100
gate_mass,coding,reasoning,11,11,0.1465201465201465,0.1259920634920635,0.14673224966513612,0.11154189560439559,0.18554945054945046,100
gate_mass,coding,reasoning,12,12,0.14958791208791206,0.1259920634920635,0.14967908979350766,0.10614354395604396,0.20026556776556773,100
gate_mass,coding,reasoning,13,13,0.053434065934065925,0.04265873015873015,0.05335393772893772,0.014664606227106233,0.0990911172161172,100
gate_mass,coding,reasoning,14,14,0.11043956043956042,0.09821428571428571,0.11064166464789109,0.05969436813186814,0.16351391957823533,100
gate_mass,coding,reasoning,15,15,0.1763278388278388,0.12896825396825395,0.1781637673713303,0.14299793956043952,0.21570171758763165,100
gate_mass,coding,reasoning,average,average,0.2845009157509157,0.20771329365079363,0.28455431827133604,0.2525566611381242,0.3220275529595332,100
functional_contribution,general,math,0,0,0.3518315018315018,0.2470238095238095,0.34373214285714276,0.2733951465201465,0.4269368131868131,100
functional_contribution,general,math,1,1,0.5799450549450549,0.43353174603174605,0.5765045787545787,0.5269494047619047,0.6394539835164834,100
functional_contribution,general,math,2,2,0.2735347985347985,0.18650793650793648,0.2690741758241758,0.16686698717948717,0.3753880494505493,100
functional_contribution,general,math,3,3,0.29656593406593407,0.2123015873015873,0.3026304945054944,0.22473786630036632,0.38385874542124526,100
functional_contribution,general,math,4,4,0.22152014652014645,0.15873015873015872,0.21877609890109886,0.11978479853479852,0.3120890567765567,100
functional_contribution,general,math,5,5,0.04491758241758242,0.03075396825396825,0.05719139194139194,-0.031432005494505484,0.1454097985347983,100
functional_contribution,general,math,6,6,0.2038919413919414,0.1359126984126984,0.22414652014652017,0.1239205586080586,0.36073260073260066,100
functional_contribution,general,math,7,7,0.12472527472527471,0.07738095238095238,0.132739010989011,0.0488656135531136,0.2325057234432234,100
functional_contribution,general,math,8,8,0.20489926739926737,0.13095238095238093,0.21573076923076917,0.12474358974358973,0.33466346153846144,100
functional_contribution,general,math,9,9,0.15384615384615383,0.09722222222222222,0.17733333333333332,0.10276900183150188,0.2778502747252746,100
functional_contribution,general,math,10,10,0.07339743589743589,0.05158730158730158,0.08827289377289377,0.0173489010989011,0.1614468864468864,100
functional_contribution,general,math,11,11,0.3578296703296703,0.25892857142857145,0.36251190476190465,0.28519917582417575,0.4382852564102562,100
functional_contribution,general,math,12,12,0.20604395604395603,0.11011904761904762,0.2316135531135531,0.13052197802197804,0.35627289377289356,100
functional_contribution,general,math,13,13,0.23681318681318678,0.1716269841269841,0.24131776556776552,0.1701385073260073,0.32957188644688634,100
functional_contribution,general,math,14,14,0.4229853479853479,0.2767857142857143,0.4002962454212454,0.33376030219780217,0.4653697344322344,100
functional_contribution,general,math,15,15,0.42806776556776555,0.30456349206349204,0.43049175824175817,0.36300022893772893,0.4997928113553112,100
functional_contribution,general,math,average,average,0.2613009386446886,0.1802455357142857,0.2670226648351648,0.20240277300824175,0.34326493818681314,100
functional_contribution,general,coding,0,0,0.12165750915750913,0.09523809523809525,0.1172706043956044,0.056904761904761895,0.1785130494505494,100
functional_contribution,general,coding,1,1,0.21442307692307688,0.1716269841269841,0.21906593406593405,0.16363896520146518,0.26639652014652004,100
functional_contribution,general,coding,2,2,0.021886446886446885,0.03373015873015873,0.036875457875457866,-0.05347069597069596,0.1476522435897435,100
functional_contribution,general,coding,3,3,-0.13264652014652012,-0.08928571428571427,-0.13194276556776555,-0.19209363553113548,-0.0712912087912088,100
functional_contribution,general,coding,4,4,-0.03956043956043956,-0.022817460317460316,-0.03978250915750916,-0.09727449633699632,0.024166666666666635,100
functional_contribution,general,coding,5,5,-0.21282051282051279,-0.13194444444444442,-0.1985860805860806,-0.2758814102564102,-0.12201923076923074,100
functional_contribution,general,coding,6,6,0.04189560439560439,0.0248015873015873,0.05073406515120369,-0.024734432234432217,0.12675262725951214,100
functional_contribution,general,coding,7,7,0.038782051282051276,0.0248015873015873,0.027658466886303898,-0.03955700549450549,0.08940703657026959,100
functional_contribution,general,coding,8,8,0.03324175824175824,0.0248015873015873,0.04474666090179918,-0.04245213220632397,0.11254430316556836,100
functional_contribution,general,coding,9,9,-0.013049450549450548,0.0,-0.0071497263020275925,-0.0736355311355311,0.052616758241758155,100
functional_contribution,general,coding,10,10,-0.2369505494505494,-0.1498015873015873,-0.22401886824209274,-0.30375507797240336,-0.15125828533407387,100
functional_contribution,general,coding,11,11,-0.07852564102564102,-0.03968253968253968,-0.0868228754140579,-0.15992886834907968,-0.027851419413919443,100
functional_contribution,general,coding,12,12,-0.2517857142857143,-0.15773809523809523,-0.22581999786406942,-0.3391094322344322,-0.13429453142890982,100
functional_contribution,general,coding,13,13,-0.3359890109890109,-0.23809523809523808,-0.32354716117216115,-0.40329784798534796,-0.24921817765567778,100
functional_contribution,general,coding,14,14,-0.28150183150183145,-0.2063492063492063,-0.2688771192343733,-0.333325035750907,-0.21014424948736052,100
functional_contribution,general,coding,15,15,-0.15897435897435896,-0.09424603174603174,-0.15302363547285938,-0.22614433962069086,-0.08079430029047398,100
functional_contribution,general,coding,average,average,-0.07936984890109888,-0.04718501984126984,-0.07270122185854336,-0.12558037665979274,-0.023780929131161605,100
functional_contribution,general,reasoning,0,0,0.14413919413919413,0.10416666666666667,0.1418228021978022,0.07522779304029303,0.2047447344322344,100
functional_contribution,general,reasoning,1,1,0.5885989010989011,0.4305555555555555,0.5701639194139194,0.4910554029304029,0.6336057692307691,100
functional_contribution,general,reasoning,2,2,0.35219780219780217,0.25297619047619047,0.34420192307692304,0.2578834706959707,0.40546130952380943,100
functional_contribution,general,reasoning,3,3,0.28031135531135526,0.1954365079365079,0.27685439560439556,0.19405677655677656,0.338790064102564,100
functional_contribution,general,reasoning,4,4,0.11245421245421243,0.0744047619047619,0.08931822344322343,-0.012257326007326005,0.17751030219780217,100
functional_contribution,general,reasoning,5,5,0.04729853479853479,0.018849206349206348,0.051980769230769226,-0.035686813186813174,0.14145833333333324,100
functional_contribution,general,reasoning,6,6,0.27820512820512816,0.19444444444444445,0.2799766483516483,0.20577266483516485,0.3698328754578754,100
functional_contribution,general,reasoning,7,7,0.11978021978021976,0.08134920634920635,0.11064468864468864,0.02850618131868134,0.2198546245421245,100
functional_contribution,general,reasoning,8,8,0.28878205128205126,0.20535714285714285,0.2847838827838827,0.2092216117216117,0.3754727564102562,100
functional_contribution,general,reasoning,9,9,0.21442307692307688,0.15178571428571427,0.22793040293040295,0.1507451923076923,0.3039858058608058,100
functional_contribution,general,reasoning,10,10,0.10054945054945054,0.07837301587301587,0.09393406593406593,0.0395375457875458,0.16021062271062267,100
functional_contribution,general,reasoning,11,11,0.4085164835164835,0.29365079365079366,0.3958951465201464,0.3198054029304029,0.46120993589743586,100
functional_contribution,general,reasoning,12,12,0.2131410256410256,0.17559523809523808,0.20365750915750913,0.0794677197802198,0.330003434065934,100
functional_contribution,general,reasoning,13,13,0.3594322344322344,0.26190476190476186,0.3494075091575091,0.24841918498168494,0.42930517399267387,100
functional_contribution,general,reasoning,14,14,0.2875,0.19742063492063494,0.2767811355311355,0.1878617216117216,0.3730929487179487,100
functional_contribution,general,reasoning,15,15,0.38392857142857145,0.2876984126984127,0.3855343406593406,0.31390338827838826,0.46660027472527466,100
functional_contribution,general,reasoning,average,average,0.26120364010989006,0.18774801587301587,0.25518046016483514,0.18546760531135528,0.318492445054945,100
functional_contribution,math,coding,0,0,0.4947802197802198,0.3501984126984127,0.4920572344322343,0.4527415293040293,0.5371897893772892,100
functional_contribution,math,coding,1,1,0.502014652014652,0.36507936507936506,0.5061515567765567,0.47158310439560436,0.5372733516483517,100
functional_contribution,math,coding,2,2,0.4453754578754578,0.31746031746031744,0.44418177655677654,0.40066849816849814,0.4827346611721611,100
functional_contribution,math,coding,3,3,0.6035714285714284,0.4305555555555555,0.6030535714285714,0.5765533424908424,0.6265968406593406,100
functional_contribution,math,coding,4,4,0.5016941391941391,0.37202380952380953,0.5014276556776556,0.4738736263736263,0.5227770146520146,100
functional_contribution,math,coding,5,5,0.5575091575091574,0.3968253968253968,0.5585013736263735,0.5209443681318681,0.6004475732600731,100
functional_contribution,math,coding,6,6,0.7167582417582417,0.5535714285714286,0.7178715794907717,0.7000340259339897,0.7401533882783883,100
functional_contribution,math,coding,7,7,0.7048076923076922,0.5267857142857143,0.699074522979796,0.676584249084249,0.7208630952380951,100
functional_contribution,math,coding,8,8,0.7173992673992673,0.5426587301587301,0.7179565471560587,0.6972939560439559,0.7425843681945755,100
functional_contribution,math,coding,9,9,0.5829670329670329,0.43452380952380953,0.5815277667434501,0.5548443223443222,0.6055975274725274,100
functional_contribution,math,coding,10,10,0.5146978021978021,0.37400793650793646,0.510671376446567,0.4824393315018315,0.5367548076923077,100
functional_contribution,math,coding,11,11,0.4751373626373625,0.32837301587301587,0.48054005103459724,0.44510970015396023,0.5101659798534798,100
functional_contribution,math,coding,12,12,0.3757783882783882,0.27579365079365076,0.3794342599384737,0.3433550824175824,0.41105883699633694,100
functional_contribution,math,coding,13,13,0.31103479853479854,0.21130952380952378,0.32347985347985353,0.28690934065934065,0.3572401556776556,100
functional_contribution,math,coding,14,14,0.309065934065934,0.22123015873015872,0.31129738175514143,0.2737582847968367,0.3406686260800852,100
functional_contribution,math,coding,15,15,0.2937271062271062,0.21626984126984125,0.2911013365403074,0.2518664362165496,0.3202964937224438,100
functional_contribution,math,coding,average,average,0.5066449175824176,0.36979166666666663,0.507395490253949,0.48709236040068693,0.5272567652576119,100
functional_contribution,math,reasoning,0,0,0.4218864468864469,0.33730158730158727,0.41951098901098893,0.3738461538461538,0.4642845695970695,100
functional_contribution,math,reasoning,1,1,0.7342490842490842,0.5466269841269841,0.7253466117216116,0.701098901098901,0.7510244963369962,100
functional_contribution,math,reasoning,2,2,0.45347985347985337,0.3382936507936508,0.45223992673992675,0.39257554945054945,0.49612522893772887,100
functional_contribution,math,reasoning,3,3,0.7239926739926739,0.5327380952380952,0.7166021062271061,0.6780689102564101,0.7511778846153845,100
functional_contribution,math,reasoning,4,4,0.6912545787545787,0.5049603174603174,0.6894647435897437,0.6573912545787545,0.7151121794871794,100
functional_contribution,math,reasoning,5,5,0.47055860805860805,0.32936507936507936,0.46696474358974355,0.416201923076923,0.5246783424908423,100
functional_contribution,math,reasoning,6,6,0.7411630036630035,0.5525793650793651,0.7379739010989012,0.7073981227106226,0.7728399725274725,100
functional_contribution,math,reasoning,7,7,0.6179945054945054,0.4583333333333333,0.6042417582417582,0.5580242673992674,0.6413724816849816,100
functional_contribution,math,reasoning,8,8,0.7392857142857142,0.550595238095238,0.7262655677655677,0.6959970238095238,0.7579830586080585,100
functional_contribution,math,reasoning,9,9,0.66753663003663,0.5069444444444444,0.6609867216117213,0.6289457417582417,0.6906856684981685,100
functional_contribution,math,reasoning,10,10,0.611080586080586,0.4970238095238095,0.6090279304029304,0.5755254120879121,0.6466701007326007,100
functional_contribution,math,reasoning,11,11,0.5993589743589743,0.45535714285714285,0.5969940476190476,0.5694677197802197,0.6234020146520145,100
functional_contribution,math,reasoning,12,12,0.5082417582417582,0.38492063492063494,0.49727564102564087,0.46175824175824165,0.53007326007326,100
functional_contribution,math,reasoning,13,13,0.6301282051282051,0.44742063492063494,0.6317582417582416,0.5779784798534798,0.6735393772893772,100
functional_contribution,math,reasoning,14,14,0.5892399267399266,0.43650793650793646,0.5954711538461538,0.5518875915750916,0.6418177655677655,100
functional_contribution,math,reasoning,15,15,0.7652014652014651,0.5684523809523809,0.7646552197802198,0.7364938186813186,0.7903960622710622,100
functional_contribution,math,reasoning,average,average,0.6227907509157509,0.46546378968253965,0.6184237065018315,0.586846668956044,0.6469923305860805,100
functional_contribution,coding,reasoning,0,0,0.2980769230769231,0.21527777777777776,0.29262179487179485,0.2640625,0.32457875457875457,100
functional_contribution,coding,reasoning,1,1,0.34697802197802197,0.2509920634920635,0.34531959706959703,0.303595467032967,0.3828846153846153,100
functional_contribution,coding,reasoning,2,2,0.34326923076923077,0.24305555555555555,0.3444748168498169,0.2884523809523809,0.3880963827838827,100
functional_contribution,coding,reasoning,3,3,0.3849358974358974,0.2708333333333333,0.3724793956043955,0.32565934065934066,0.40802655677655675,100
functional_contribution,coding,reasoning,4,4,0.29990842490842484,0.22817460317460317,0.2992797619047619,0.2593921703296703,0.33151442307692297,100
functional_contribution,coding,reasoning,5,5,0.34597069597069596,0.246031746031746,0.33337408424908427,0.2780494505494505,0.3827358058608058,100
functional_contribution,coding,reasoning,6,6,0.5545787545787546,0.4176587301587301,0.5578538934328503,0.5185930068054592,0.5838621794871794,100
functional_contribution,coding,reasoning,7,7,0.48438644688644683,0.3263888888888889,0.48334667667452996,0.4390122341236769,0.5265865384615382,100
functional_contribution,coding,reasoning,8,8,0.5473901098901098,0.3948412698412699,0.5574305185357415,0.5201570861441583,0.5946363292700033,100
functional_contribution,coding,reasoning,9,9,0.3946428571428571,0.31249999999999994,0.3896475236125438,0.34458350605836346,0.4243704212454212,100
functional_contribution,coding,reasoning,10,10,0.27266483516483514,0.21428571428571427,0.2687817742917322,0.22221571948698268,0.3043200549450549,100
functional_contribution,coding,reasoning,11,11,0.20430402930402927,0.15674603174603174,0.209075624228724,0.17041437728937728,0.24863324175824172,100
functional_contribution,coding,reasoning,12,12,0.15018315018315015,0.11706349206349206,0.16364969158354764,0.1051602564102564,0.2089674908424908,100
functional_contribution,coding,reasoning,13,13,0.0152014652014652,0.015873015873015872,0.03166620879120879,-0.017936126373626366,0.08652586996336993,100
functional_contribution,coding,reasoning,14,14,0.14024725274725272,0.10416666666666667,0.13873287628197686,0.09315126375363879,0.187566966093976,100
functional_contribution,coding,reasoning,15,15,0.24876373626373624,0.18154761904761904,0.25575604260537343,0.2243415483332228,0.2929985559614868,100
functional_contribution,coding,reasoning,average,average,0.31446886446886446,0.23096478174603174,0.3152181425367299,0.2771596911914087,0.34440417984700256,100
