variant,capacity,eviction_events,events_without_eviction,comparable_pairs_capped,comparable_pairs_true,pairwise_ordering_accuracy_capped,pairwise_ordering_accuracy_true,pairwise_concordance_capped,pairwise_concordance_true,oracle_consistent_eviction_rate,oracle_optimal_eviction_rate
RACE_COST,8,0,0,0,0,,,,,,
RACE_COST,12,2676993,143615,61823101,62367301,0.6524819581599441,0.6516277415949104,0.3049674976090776,0.30325902792925674,0.7040149152425875,0.20369421959639042
RACE_COST,16,2538092,282516,128735908,129936898,0.6291202412616688,0.6283552574881386,0.25824306022164684,0.2567130596454659,0.503230379355831,0.12313738036288677
RACE_COST,24,2153915,666693,314510863,318452844,0.6130922066116362,0.6122474557017931,0.22618570196978516,0.22449618385449827,0.2753938758028984,0.08068145678914906
RACE_COST,32,1683135,1137473,499460046,508641970,0.6109392471805443,0.6098182057214036,0.22187940638283069,0.21963730486020208,0.16977247814346444,0.06506964681977381
RACE_COST_EXTENDED,8,0,0,0,0,,,,,,
RACE_COST_EXTENDED,12,2673754,146854,61163197,61651101,0.664991841417315,0.6643352565593273,0.3299862617291425,0.3286730720847078,0.7194932667702414,0.21980369173828257
RACE_COST_EXTENDED,16,2530301,290307,127022145,128062715,0.6430971465644829,0.6424890218827549,0.28619613167486224,0.28497986184774493,0.5366515683311985,0.14220916800017072
RACE_COST_EXTENDED,24,2125445,695163,307869896,311262072,0.6263552737874702,0.6256652962844763,0.2527116754079847,0.251331707671368,0.3162721218380151,0.09844244381764759
RACE_COST_EXTENDED,32,1633640,1186968,482632916,490575229,0.6225369199642404,0.6215904798568621,0.24507457114131528,0.24318168344626678,0.1998114639700301,0.0803506280453466
RACE_ONLINE,8,0,0,0,0,,,,,,
RACE_ONLINE,12,2678247,142361,61851912,62399650,0.6544597036870905,0.6535518468452948,0.3089230334241287,0.30710728155058964,0.7180121923033984,0.2098394957597264
RACE_ONLINE,16,2541357,279251,128415983,129597246,0.6318198296235445,0.6310114645491772,0.2636422973949602,0.2620255332346091,0.5399670333605235,0.1371267397693437
RACE_ONLINE,24,2146990,673618,311524262,315211730,0.6174577985197185,0.6166491694328761,0.2349169483665175,0.2332996748119527,0.3247723557166079,0.09849323937233057
RACE_ONLINE,32,1650597,1170011,487321395,495692512,0.6159656062299501,0.614943585228094,0.23193218954974293,0.22988812999971436,0.21471625115034138,0.08468632864351504
RACE_ONLINE_EXTENDED,8,0,0,0,0,,,,,,
RACE_ONLINE_EXTENDED,12,2673900,146708,61135239,61624132,0.6659874348409761,0.6653087462554442,0.33197746532451483,0.33062006776229363,0.7229825348741539,0.22114850966752683
RACE_ONLINE_EXTENDED,16,2529905,290703,126929215,127967587,0.6439816948367639,0.6433675232150778,0.28796524093871223,0.28673687708144857,0.5424476413145948,0.14408169476719482
RACE_ONLINE_EXTENDED,24,2123823,696785,307381197,310738027,0.6272805619922158,0.626576584075434,0.25456226188275216,0.2531542932338917,0.3250854708702185,0.10153765167812949
RACE_ONLINE_EXTENDED,32,1627933,1192675,480552680,488395717,0.6235573569166236,0.622608914074486,0.2471154543269933,0.2452185612002395,0.20944780897002518,0.08430936654026916
RACE_ONLINE_GLOBAL,8,0,0,0,0,,,,,,
RACE_ONLINE_GLOBAL,12,2679809,140799,62084373,62644351,0.6506474986869885,0.649704480137403,0.30129895746791696,0.29941311372187135,0.7156017462438554,0.2081708062029794
RACE_ONLINE_GLOBAL,16,2543193,277415,129023078,130265723,0.6253727065788959,0.6245159864502499,0.2507479765486688,0.24903455566499794,0.5346495527472748,0.13561062805693472
RACE_ONLINE_GLOBAL,24,2153591,667017,313899853,317904743,0.6077376038146791,0.6068521223667305,0.21547639038180955,0.21370542113769908,0.3121367984914499,0.0938409382282894
RACE_ONLINE_GLOBAL,32,1673093,1147515,495178251,504356230,0.60645384443591,0.6053401333022098,0.21290846882522402,0.21068102811283654,0.20283749917069763,0.07832618987707199
RACE_STATIC,8,0,0,0,0,,,,,,
RACE_STATIC,12,2670957,149651,62279096,62744986,0.6341073736844222,0.6338284942800051,0.26821474736884426,0.2676569885600102,0.7245178413579851,0.16135490013504522
RACE_STATIC,16,2536018,284590,128888948,129836560,0.6197974088515332,0.6195337584421522,0.23959481770306637,0.2390675168843044,0.5163386064294496,0.09363379912918599
RACE_STATIC,24,2161696,658912,314200182,317320448,0.6120341553462245,0.6117079886386647,0.22406831069244892,0.22341597727732945,0.2849767034772697,0.07283170251506224
RACE_STATIC,32,1671634,1148974,494026804,501625833,0.6117861167711054,0.6113336212491274,0.22357223354221079,0.22266724249825467,0.18554061475179376,0.07037724765110066
RACE_STATIC_EXTENDED,8,0,0,0,0,,,,,,
RACE_STATIC_EXTENDED,12,2670961,149647,62237601,62702964,0.6352665328472413,0.6349808439677589,0.27053306569448266,0.26996168793551767,0.7257249357066614,0.16248870724806538
RACE_STATIC_EXTENDED,16,2535452,285156,128796770,129743224,0.620624166273735,0.6203577228819287,0.24124833254746994,0.2407154457638574,0.5184085520057173,0.09465373432429405
RACE_STATIC_EXTENDED,24,2160516,660092,313965615,317085687,0.6126419034772327,0.6123086564925903,0.22528380695446537,0.22461731298518056,0.2862311595933564,0.07319362596713007
RACE_STATIC_EXTENDED,32,1670277,1150331,493579936,501163840,0.6123205806323537,0.6118523455323512,0.22464116126470748,0.2237046910647025,0.18639004189125516,0.07075712591384543
RACE_STATIC_PERLAYER,8,0,0,0,0,,,,,,
RACE_STATIC_PERLAYER,12,2671483,149125,62219180,62685792,0.6357884980162066,0.6354913566378806,0.27157699603241314,0.2709827132757611,0.7251126059944982,0.16261305050415817
RACE_STATIC_PERLAYER,16,2536645,283963,128739322,129690940,0.6211373320732573,0.6208629608205477,0.2422746641465146,0.24172592164109535,0.5177866828034667,0.0945993625438325
RACE_STATIC_PERLAYER,24,2160752,659856,313934786,317057838,0.6132986677048271,0.6129546401562228,0.22659733540965415,0.2259092803124457,0.2867344331973313,0.07365815234696069
RACE_STATIC_PERLAYER,32,1669522,1151086,493577857,501184514,0.613016795038275,0.6125337663565559,0.22603359007654997,0.22506753271311172,0.18486309254984362,0.07034588343250343
RACE_UNIFORM,8,0,0,0,0,,,,,,
RACE_UNIFORM,12,2686629,133979,63082238,63506632,0.6317690963976262,0.6317170150040393,0.2654646749866015,0.26536886425803297,0.7096789322232433,0.17090487745051514
RACE_UNIFORM,16,2560990,259618,130777784,131624820,0.6140863191258845,0.6140833203038758,0.22944612618288515,0.22944500270594415,0.5209227681482552,0.11166072495402168
RACE_UNIFORM,24,2185257,635351,318295001,321370319,0.6026372230080987,0.6025633437542189,0.20605479093710025,0.20591041366026905,0.3004172964552911,0.0825802182535052
RACE_UNIFORM,32,1712711,1107897,506766170,514699052,0.6025907885682267,0.6024250439070169,0.20570922241797193,0.2053815725688921,0.18507734229534348,0.070676839233239
RACE_UNIFORM_EXTENDED,8,0,0,0,0,,,,,,
RACE_UNIFORM_EXTENDED,12,2683379,137229,62706663,63134544,0.6382540480586568,0.6381427337148424,0.2778480187089792,0.2776301109849923,0.7122583131193916,0.17863596607113644
RACE_UNIFORM_EXTENDED,16,2553920,266688,129830937,130691820,0.6200053612799544,0.6199402839443203,0.24093869450141825,0.24081201779203973,0.5245818193208871,0.11716459403583511
RACE_UNIFORM_EXTENDED,24,2172730,647878,315648295,318736945,0.6076543720915711,0.6074931476801347,0.21590798801924793,0.21558757360802616,0.30385781942533124,0.0860737413300318
RACE_UNIFORM_EXTENDED,32,1693250,1127358,500457659,508258439,0.6074539894293035,0.6071883412446399,0.21534626516303002,0.2148175924506812,0.18904178355234016,0.07278488114572568
