layer,layer_ordinal,layer_name,expert_id,specialization_metric,specialization_score,absolute_normalized_range,rank_range,max_domain,min_domain,max_normalized_importance,min_normalized_importance,minimum_was_zero,general_normalized_contribution,general_rank,general_percentile,math_normalized_contribution,math_rank,math_percentile,coding_normalized_contribution,coding_rank,coding_percentile,reasoning_normalized_contribution,reasoning_rank,reasoning_percentile
0,0,model.layers.0.mlp,9,functional_contribution,45.3629494676496,0.052968743196203774,60.0,reasoning,coding,0.05416272925410704,0.0011939860579032679,False,0.014292879136742332,25.0,0.6190476190476191,0.016253394553188475,14.0,0.7936507936507936,0.0011939860579032679,63.0,0.015873015873015872,0.05416272925410704,3.0,0.9682539682539683
0,0,model.layers.0.mlp,52,functional_contribution,44.48577221286999,0.035225508042512906,60.0,reasoning,general,0.03603555478208999,0.0008100467395770848,False,0.0008100467395770848,64.0,0.0,0.016352508155220703,12.0,0.8253968253968254,0.025219138575548077,9.0,0.873015873015873,0.03603555478208999,4.0,0.9523809523809523
0,0,model.layers.0.mlp,54,functional_contribution,33.62746029956269,0.03220410890881126,58.0,coding,reasoning,0.033191133598459426,0.0009870246896481682,False,0.02207201710370733,10.0,0.8571428571428571,0.00303474412585353,63.0,0.015873015873015872,0.033191133598459426,6.0,0.9206349206349206,0.0009870246896481682,64.0,0.0
0,0,model.layers.0.mlp,21,functional_contribution,30.188376270129954,0.0712499153213327,59.0,coding,general,0.07369095262442715,0.002441037303094459,False,0.002441037303094459,62.0,0.031746031746031744,0.0077075779086007825,46.0,0.2857142857142857,0.07369095262442715,3.0,0.9682539682539683,0.005463194480826507,48.0,0.25396825396825395
0,0,model.layers.0.mlp,12,functional_contribution,29.13045347567877,0.0333322012238492,61.0,general,coding,0.03451711639859167,0.001184915174742467,False,0.03451711639859167,3.0,0.9682539682539683,0.0054050652620942965,53.0,0.1746031746031746,0.001184915174742467,64.0,0.0,0.0036877513851419894,58.0,0.09523809523809523
0,0,model.layers.0.mlp,34,functional_contribution,13.669052881011037,0.014586128125862177,45.0,reasoning,math,0.015737447664125017,0.0011513195382628395,False,0.005029673617628131,57.0,0.1111111111111111,0.0011513195382628395,64.0,0.0,0.004810032320460525,49.0,0.23809523809523808,0.015737447664125017,19.0,0.7142857142857143
0,0,model.layers.0.mlp,27,functional_contribution,11.32736942947067,0.021886916925886544,51.0,coding,reasoning,0.024006228824723204,0.0021193118988366614,False,0.005956231820589902,56.0,0.12698412698412698,0.004555018149922579,58.0,0.09523809523809523,0.024006228824723204,10.0,0.8571428571428571,0.0021193118988366614,61.0,0.047619047619047616
0,0,model.layers.0.mlp,63,functional_contribution,10.336833466925288,0.014307395355679133,45.0,reasoning,general,0.015839755914215888,0.0015323605585367546,False,0.0015323605585367546,63.0,0.015873015873015872,0.009620143310033477,37.0,0.42857142857142855,0.010582818453290373,26.0,0.6031746031746031,0.015839755914215888,18.0,0.7301587301587301
0,0,model.layers.0.mlp,36,functional_contribution,10.020853877610502,0.07465927309617808,49.0,coding,general,0.0829355708946004,0.008276297798422318,False,0.008276297798422318,51.0,0.20634920634920634,0.014133551790048337,23.0,0.6507936507936508,0.0829355708946004,2.0,0.9841269841269841,0.013820849096928538,22.0,0.6666666666666666
0,0,model.layers.0.mlp,58,functional_contribution,6.742368773931141,0.030668791245313118,46.0,math,reasoning,0.036009582205796024,0.005340790960482906,False,0.014452179084038097,23.0,0.6507936507936508,0.036009582205796024,3.0,0.9682539682539683,0.010500172853799573,27.0,0.5873015873015873,0.005340790960482906,49.0,0.23809523809523808
1,1,model.layers.1.mlp,5,functional_contribution,52.19595809192495,0.030422882175795397,60.0,general,coding,0.031017126003989287,0.0005942438281938899,False,0.031017126003989287,4.0,0.9523809523809523,0.017952086719443972,10.0,0.8571428571428571,0.0005942438281938899,64.0,0.0,0.008103290153839421,30.0,0.5396825396825397
1,1,model.layers.1.mlp,25,functional_contribution,50.71156493801805,0.1417815806502201,62.0,coding,general,0.14463366508524614,0.0028520844350260603,False,0.0028520844350260603,64.0,0.0,0.012847882698793334,20.0,0.6984126984126984,0.14463366508524614,2.0,0.9841269841269841,0.00568137583655142,40.0,0.38095238095238093
1,1,model.layers.1.mlp,15,functional_contribution,18.234232808986263,0.028019049121106192,55.0,coding,reasoning,0.02964482784966452,0.0016257787285583307,False,0.00590841689751065,55.0,0.14285714285714285,0.0042760523695929056,49.0,0.23809523809523808,0.02964482784966452,8.0,0.8888888888888888,0.0016257787285583307,63.0,0.015873015873015872
1,1,model.layers.1.mlp,35,functional_contribution,14.370678749372845,0.02028741295643798,56.0,math,coding,0.021804719094992753,0.001517306138554775,False,0.017577563893778334,10.0,0.8571428571428571,0.021804719094992753,5.0,0.9365079365079365,0.001517306138554775,61.0,0.047619047619047616,0.017819977792253822,11.0,0.8412698412698413
1,1,model.layers.1.mlp,39,functional_contribution,12.336206209178613,0.01263113068097672,45.0,math,coding,0.013745359765784074,0.0011142290848073528,False,0.009780737056367683,27.0,0.5873015873015873,0.013745359765784074,18.0,0.7301587301587301,0.0011142290848073528,63.0,0.015873015873015872,0.0073546750622224145,33.0,0.49206349206349204
1,1,model.layers.1.mlp,27,functional_contribution,10.226309920254607,0.03342836377055574,44.0,coding,reasoning,0.03705152016246751,0.0036231563919117676,False,0.014165737860471537,15.0,0.7777777777777778,0.009074154087480541,32.0,0.5079365079365079,0.03705152016246751,6.0,0.9206349206349206,0.0036231563919117676,50.0,0.2222222222222222
1,1,model.layers.1.mlp,26,functional_contribution,9.747759746971681,0.00846507614796502,42.0,coding,reasoning,0.009432761176368746,0.0009676850284037258,False,0.005438595062216726,59.0,0.07936507936507936,0.002222957316290965,61.0,0.047619047619047616,0.009432761176368746,22.0,0.6666666666666666,0.0009676850284037258,64.0,0.0
1,1,model.layers.1.mlp,13,functional_contribution,7.742371500719333,0.011844603143355323,44.0,general,coding,0.013601344541444894,0.00175674139808957,False,0.013601344541444894,16.0,0.7619047619047619,0.00805814171178042,34.0,0.47619047619047616,0.00175674139808957,57.0,0.1111111111111111,0.0023214212538786375,60.0,0.06349206349206349
1,1,model.layers.1.mlp,57,functional_contribution,6.42577541353112,0.008822603710786515,35.0,reasoning,coding,0.01044865769071322,0.0016260539799267046,False,0.006939998581041418,45.0,0.30158730158730157,0.005284471770670735,44.0,0.31746031746031744,0.0016260539799267046,59.0,0.07936507936507936,0.01044865769071322,24.0,0.6349206349206349
1,1,model.layers.1.mlp,63,functional_contribution,6.278582747496593,0.02170290796245599,35.0,reasoning,coding,0.025814410802393502,0.004111502839937513,False,0.008043571458991471,38.0,0.4126984126984127,0.009926190104161058,28.0,0.5714285714285714,0.004111502839937513,42.0,0.3492063492063492,0.025814410802393502,7.0,0.9047619047619048
2,2,model.layers.2.mlp,40,functional_contribution,63.42363568045334,0.06597738049461957,61.0,coding,general,0.0670343099687363,0.0010569294741167308,False,0.0010569294741167308,63.0,0.015873015873015872,0.0020683119215049715,49.0,0.23809523809523808,0.0670343099687363,2.0,0.9841269841269841,0.001660089313299209,55.0,0.14285714285714285
2,2,model.layers.2.mlp,57,functional_contribution,59.37194692045613,0.008306035927430342,55.0,general,coding,0.008448330921982727,0.00014229499455238473,False,0.008448330921982727,9.0,0.873015873015873,0.006706865374934005,16.0,0.7619047619047619,0.00014229499455238473,64.0,0.0,0.001988257271644198,52.0,0.19047619047619047
2,2,model.layers.2.mlp,4,functional_contribution,58.51280094800269,0.012241478352874483,59.0,math,coding,0.01245432624227617,0.00021284788940168642,False,0.00639015720320647,25.0,0.6190476190476191,0.01245432624227617,4.0,0.9523809523809523,0.00021284788940168642,63.0,0.015873015873015872,0.003587905370705287,42.0,0.3492063492063492
2,2,model.layers.2.mlp,5,functional_contribution,53.030910156378056,0.04074722564868406,61.0,coding,general,0.041530360625069984,0.0007831349763859219,False,0.0007831349763859219,64.0,0.0,0.0021687841818143106,48.0,0.25396825396825395,0.041530360625069984,3.0,0.9682539682539683,0.0018283769024719728,53.0,0.1746031746031746
2,2,model.layers.2.mlp,36,functional_contribution,43.261111598028236,0.031147603554007273,53.0,reasoning,coding,0.03188463110330627,0.0007370275492989968,False,0.02274091930948653,2.0,0.9841269841269841,0.0038251082514242983,31.0,0.5238095238095238,0.0007370275492989968,55.0,0.14285714285714285,0.03188463110330627,2.0,0.9841269841269841
2,2,model.layers.2.mlp,59,functional_contribution,35.107152201444336,0.016291297686333785,58.0,general,coding,0.01676894816726537,0.00047765048093158436,False,0.01676894816726537,3.0,0.9682539682539683,0.002427737946675233,45.0,0.30158730158730157,0.00047765048093158436,61.0,0.047619047619047616,0.0017271232630034683,54.0,0.15873015873015872
2,2,model.layers.2.mlp,8,functional_contribution,20.202170339662075,0.008561981148429423,54.0,math,coding,0.009007867263268353,0.00044588611483892965,False,0.0014149141729698199,61.0,0.047619047619047616,0.009007867263268353,9.0,0.873015873015873,0.00044588611483892965,62.0,0.031746031746031744,0.0006567219151840178,63.0,0.015873015873015872
2,2,model.layers.2.mlp,45,functional_contribution,19.412612547797078,0.017846865735446884,55.0,coding,reasoning,0.01881613968669665,0.0009692739512497648,False,0.005006024353839114,38.0,0.4126984126984127,0.0011373807763252182,60.0,0.06349206349206349,0.01881613968669665,5.0,0.9365079365079365,0.0009692739512497648,59.0,0.07936507936507936
2,2,model.layers.2.mlp,24,functional_contribution,16.453300553577925,0.01667935803486068,56.0,coding,general,0.01775869755599266,0.001079339521131981,False,0.001079339521131981,62.0,0.031746031746031744,0.00493352335602845,24.0,0.6349206349206349,0.01775869755599266,6.0,0.9206349206349206,0.011314277483012676,6.0,0.9206349206349206
2,2,model.layers.2.mlp,60,functional_contribution,15.917978533910613,0.03446315435689359,43.0,coding,math,0.03677333024725542,0.0023101758903618292,False,0.005576088638319268,34.0,0.47619047619047616,0.0023101758903618292,47.0,0.2698412698412698,0.03677333024725542,4.0,0.9523809523809523,0.004580722529462233,32.0,0.5079365079365079
3,3,model.layers.3.mlp,1,functional_contribution,324.7492809739634,0.03014469847112953,55.0,reasoning,coding,0.030237809714671732,9.311124354220434e-05,False,0.007505457151718988,49.0,0.23809523809523808,0.015473694226547343,19.0,0.7142857142857143,9.311124354220434e-05,64.0,0.0,0.030237809714671732,9.0,0.873015873015873
3,3,model.layers.3.mlp,25,functional_contribution,305.53070963353946,0.03367537863563742,59.0,general,coding,0.03378595985869906,0.0001105812230616425,False,0.03378595985869906,3.0,0.9682539682539683,0.004844312251237432,46.0,0.2857142857142857,0.0001105812230616425,62.0,0.031746031746031744,0.003118434768663718,52.0,0.19047619047619047
3,3,model.layers.3.mlp,58,functional_contribution,194.0827479462006,0.018438174811063815,47.0,general,coding,0.018533668452075793,9.549364101197981e-05,False,0.018533668452075793,16.0,0.7619047619047619,0.005093097525317647,44.0,0.31746031746031744,9.549364101197981e-05,63.0,0.015873015873015872,0.010254139687075768,35.0,0.4603174603174603
3,3,model.layers.3.mlp,43,functional_contribution,123.34094847165943,0.1024096944410282,61.0,coding,reasoning,0.10324677879911139,0.0008370843580831867,False,0.0022539795958329474,63.0,0.015873015873015872,0.0022758474627063,56.0,0.12698412698412698,0.10324677879911139,2.0,0.9841269841269841,0.0008370843580831867,63.0,0.015873015873015872
3,3,model.layers.3.mlp,16,functional_contribution,42.07842764825479,0.010060777383736333,28.0,general,reasoning,0.010305693704020206,0.0002449163202838738,False,0.010305693704020206,36.0,0.4444444444444444,0.0014747144880311552,60.0,0.06349206349206349,0.0016777796680745617,52.0,0.19047619047619047,0.0002449163202838738,64.0,0.0
3,3,model.layers.3.mlp,48,functional_contribution,38.63455560367202,0.029406299510039438,55.0,general,coding,0.030187663843979806,0.0007813643339403667,False,0.030187663843979806,4.0,0.9523809523809523,0.009089918309081955,39.0,0.3968253968253968,0.0007813643339403667,59.0,0.07936507936507936,0.005066407521337429,47.0,0.2698412698412698
3,3,model.layers.3.mlp,14,functional_contribution,35.70583917012971,0.008739453738314168,36.0,coding,math,0.008991268819366295,0.00025181508105212797,False,0.0030585037515690407,60.0,0.06349206349206349,0.00025181508105212797,64.0,0.0,0.008991268819366295,28.0,0.5714285714285714,0.0008616303847060107,62.0,0.031746031746031744
3,3,model.layers.3.mlp,10,functional_contribution,34.79165243443677,0.015289588788636625,39.0,reasoning,coding,0.015742055230889195,0.00045246644225256915,False,0.012748636957604254,27.0,0.5873015873015873,0.00937608393366462,35.0,0.4603174603174603,0.00045246644225256915,60.0,0.06349206349206349,0.015742055230889195,21.0,0.6825396825396826
3,3,model.layers.3.mlp,24,functional_contribution,32.3831073937668,0.04102623217958904,56.0,general,reasoning,0.04233350336957816,0.0013072711899891217,False,0.04233350336957816,2.0,0.9841269841269841,0.0039277293855931395,48.0,0.25396825396825395,0.0024463181310235625,45.0,0.30158730158730157,0.0013072711899891217,58.0,0.09523809523809523
3,3,model.layers.3.mlp,0,functional_contribution,29.209769268445726,0.03882854586790357,53.0,reasoning,coding,0.040204967825495604,0.0013764219575920385,False,0.024765335361710245,6.0,0.9206349206349206,0.01741273432796868,16.0,0.7619047619047619,0.0013764219575920385,56.0,0.12698412698412698,0.040204967825495604,3.0,0.9682539682539683
4,4,model.layers.4.mlp,53,functional_contribution,1627.760727095853,0.0111807809046802,25.0,general,coding,0.011187653937137701,6.873032457502074e-06,False,0.011187653937137701,39.0,0.3968253968253968,0.0013297662721555542,59.0,0.07936507936507936,6.873032457502074e-06,64.0,0.0,0.0012492689704396132,61.0,0.047619047619047616
4,4,model.layers.4.mlp,0,functional_contribution,117.35904531835439,0.009774108778762324,27.0,general,math,0.009858108339223324,8.399956046099941e-05,False,0.009858108339223324,43.0,0.3333333333333333,8.399956046099941e-05,63.0,0.015873015873015872,0.00015010231802225593,63.0,0.015873015873015872,0.007840461426054818,36.0,0.4444444444444444
4,4,model.layers.4.mlp,31,functional_contribution,87.46949157259941,0.027131081065810757,49.0,reasoning,coding,0.027444845845571976,0.0003137647797612193,False,0.00207397529791035,60.0,0.06349206349206349,0.016468128223127643,19.0,0.7142857142857143,0.0003137647797612193,60.0,0.06349206349206349,0.027444845845571976,11.0,0.8412698412698413
4,4,model.layers.4.mlp,29,functional_contribution,81.5910518210438,0.0236244603221182,49.0,reasoning,coding,0.02391760031356522,0.0002931399914470202,False,0.01476075256351071,25.0,0.6190476190476191,0.015488619460636985,21.0,0.6825396825396826,0.0002931399914470202,61.0,0.047619047619047616,0.02391760031356522,12.0,0.8253968253968254
4,4,model.layers.4.mlp,55,functional_contribution,76.55871026038541,0.0557492327136397,59.0,coding,reasoning,0.05648705939763102,0.0007378266839913186,False,0.0008796235273519725,64.0,0.0,0.0010940117584916464,60.0,0.06349206349206349,0.05648705939763102,5.0,0.9365079365079365,0.0007378266839913186,63.0,0.015873015873015872
4,4,model.layers.4.mlp,46,functional_contribution,69.68707290885132,0.06342421349143489,50.0,reasoning,coding,0.06434759267672806,0.0009233791852931716,False,0.013568051498797501,28.0,0.5714285714285714,0.010684708490787079,33.0,0.49206349206349204,0.0009233791852931716,52.0,0.19047619047619047,0.06434759267672806,2.0,0.9841269841269841
4,4,model.layers.4.mlp,54,functional_contribution,56.759113932236595,0.0024883835623928587,6.0,general,math,0.002533010948503367,4.462738611050829e-05,False,0.002533010948503367,58.0,0.09523809523809523,4.462738611050829e-05,64.0,0.0,0.0002442156002994343,62.0,0.031746031746031744,0.0005972890023475041,64.0,0.0
4,4,model.layers.4.mlp,3,functional_contribution,49.92202464454251,0.012911811582000221,33.0,general,math,0.01317573793473997,0.00026392635273974854,False,0.01317573793473997,29.0,0.5555555555555556,0.00026392635273974854,62.0,0.031746031746031744,0.0004916946590195166,57.0,0.1111111111111111,0.0016327589356440655,59.0,0.07936507936507936
4,4,model.layers.4.mlp,49,functional_contribution,49.84752467965525,0.026403599144738894,48.0,math,coding,0.026944130098334754,0.0005405309535958602,False,0.02438196784930364,8.0,0.8888888888888888,0.026944130098334754,9.0,0.873015873015873,0.0005405309535958602,56.0,0.12698412698412698,0.004304135876330012,50.0,0.2222222222222222
4,4,model.layers.4.mlp,25,functional_contribution,33.676166092454835,0.06651595634319186,51.0,coding,math,0.06855156713432059,0.002035610791128728,False,0.004417209517834504,55.0,0.14285714285714285,0.002035610791128728,52.0,0.19047619047619047,0.06855156713432059,4.0,0.9523809523809523,0.004141569663787047,51.0,0.20634920634920634
5,5,model.layers.5.mlp,46,functional_contribution,16844678975.967579,0.01684467897496758,42.0,general,coding,0.01684467897496758,0.0,True,0.01684467897496758,22.0,0.6666666666666666,0.0018168215095134398,56.0,0.12698412698412698,0.0,64.0,0.0,0.0011102124969067193,57.0,0.1111111111111111
5,5,model.layers.5.mlp,56,functional_contribution,636.5833195467742,0.07354848977270198,59.0,reasoning,coding,0.07366420786484695,0.00011571809214496866,False,0.01622135103208562,25.0,0.6190476190476191,0.01732241517110414,17.0,0.746031746031746,0.00011571809214496866,61.0,0.047619047619047616,0.07366420786484695,2.0,0.9841269841269841
5,5,model.layers.5.mlp,42,functional_contribution,389.0938788700675,0.13935607192147786,61.0,coding,reasoning,0.139715150173212,0.0003590782517341376,False,0.0013913834399225207,63.0,0.015873015873015872,0.0010565448244637212,60.0,0.06349206349206349,0.139715150173212,2.0,0.9841269841269841,0.0003590782517341376,62.0,0.031746031746031744
5,5,model.layers.5.mlp,45,functional_contribution,354.5677391483029,0.017515052200735525,47.0,math,coding,0.0175645902380275,4.9538037291974615e-05,False,0.01505156034517564,28.0,0.5714285714285714,0.0175645902380275,16.0,0.7619047619047619,4.9538037291974615e-05,63.0,0.015873015873015872,0.004823502975292011,48.0,0.25396825396825395
5,5,model.layers.5.mlp,2,functional_contribution,341.6305391643647,0.07638555289517444,61.0,coding,math,0.07660980041197647,0.00022424751680202564,False,0.004424280969257226,58.0,0.09523809523809523,0.00022424751680202564,64.0,0.0,0.07660980041197647,3.0,0.9682539682539683,0.00030950840556776704,63.0,0.015873015873015872
5,5,model.layers.5.mlp,23,functional_contribution,144.3625640671211,0.028647832187931318,50.0,general,coding,0.028847660031629453,0.00019982784369813647,False,0.028847660031629453,9.0,0.873015873015873,0.019061025334348638,14.0,0.7936507936507936,0.00019982784369813647,59.0,0.07936507936507936,0.0037940452875501497,51.0,0.20634920634920634
5,5,model.layers.5.mlp,49,functional_contribution,117.46025124086684,0.029183875163348732,49.0,general,coding,0.029434466027922167,0.00025059086457343674,False,0.029434466027922167,8.0,0.8888888888888888,0.0019114018466733357,55.0,0.14285714285714285,0.00025059086457343674,57.0,0.1111111111111111,0.014888886055985087,23.0,0.6507936507936508
5,5,model.layers.5.mlp,4,functional_contribution,70.56502113828773,0.013912449609776377,37.0,math,coding,0.014112441636121844,0.00019999202634546627,False,0.008916759619077883,45.0,0.30158730158730157,0.014112441636121844,21.0,0.6825396825396826,0.00019999202634546627,58.0,0.09523809523809523,0.003819933429117202,50.0,0.2222222222222222
5,5,model.layers.5.mlp,47,functional_contribution,66.78158178246002,0.012355314676595362,33.0,reasoning,coding,0.012543137989383323,0.00018782331278796032,False,0.011384488483682816,37.0,0.42857142857142855,0.005410173487456579,46.0,0.2857142857142857,0.00018782331278796032,60.0,0.06349206349206349,0.012543137989383323,27.0,0.5873015873015873
5,5,model.layers.5.mlp,3,functional_contribution,63.21355400596524,0.006166373667908274,11.0,general,coding,0.006265489908801753,9.911624089347908e-05,False,0.006265489908801753,53.0,0.1746031746031746,0.00030764553997225143,63.0,0.015873015873015872,9.911624089347908e-05,62.0,0.031746031746031744,0.00021513503929588133,64.0,0.0
6,6,model.layers.6.mlp,41,functional_contribution,7568169519.178594,0.007568169518178593,16.5,general,coding,0.007568169518178593,0.0,True,0.007568169518178593,47.0,0.2698412698412698,0.000263540913034521,63.0,0.015873015873015872,0.0,63.5,0.007936507936507936,0.0007060977153621475,59.0,0.07936507936507936
6,6,model.layers.6.mlp,51,functional_contribution,3151088432.470549,0.003151088431470549,11.5,general,coding,0.003151088431470549,0.0,True,0.003151088431470549,56.0,0.12698412698412698,0.0018660933665278184,52.0,0.19047619047619047,0.0,63.5,0.007936507936507936,0.002659455397391203,52.0,0.19047619047619047
6,6,model.layers.6.mlp,11,functional_contribution,1514412913.8622415,0.0015144129128622414,11.0,math,reasoning,0.0015144129128622414,0.0,True,0.0006655287242176626,63.0,0.015873015873015872,0.0015144129128622414,53.0,0.1746031746031746,2.4664752863829726e-05,60.0,0.06349206349206349,0.0,64.0,0.0
6,6,model.layers.6.mlp,28,functional_contribution,2244.6640063040695,0.037616879686444386,57.0,general,coding,0.03763364551115659,1.6765824712206217e-05,False,0.03763364551115659,4.0,0.9523809523809523,0.0005846456751703899,58.0,0.09523809523809523,1.6765824712206217e-05,61.0,0.047619047619047616,0.0009207989859908852,57.0,0.1111111111111111
6,6,model.layers.6.mlp,14,functional_contribution,828.6525991879972,0.003861385724478022,7.0,general,coding,0.00386605119027927,4.665465801247763e-06,False,0.00386605119027927,55.0,0.14285714285714285,0.0002745033060179004,62.0,0.031746031746031744,4.665465801247763e-06,62.0,0.031746031746031744,0.0007955275806987395,58.0,0.09523809523809523
6,6,model.layers.6.mlp,21,functional_contribution,443.7575981225017,0.03888451159164915,52.0,general,coding,0.03897233506732473,8.782347567558406e-05,False,0.03897233506732473,3.0,0.9682539682539683,0.013801708846777555,25.0,0.6190476190476191,8.782347567558406e-05,55.0,0.14285714285714285,0.013362023826041982,28.0,0.5714285714285714
6,6,model.layers.6.mlp,15,functional_contribution,432.2363785079693,0.028280580233473903,55.0,general,coding,0.028346160460958617,6.558022748471555e-05,False,0.028346160460958617,7.0,0.9047619047619048,0.00041351207843179556,61.0,0.047619047619047616,6.558022748471555e-05,56.0,0.12698412698412698,0.00040040077133978266,62.0,0.031746031746031744
6,6,model.layers.6.mlp,34,functional_contribution,422.6808314195705,0.01372352783569546,32.0,reasoning,coding,0.013756072657255916,3.254482156045595e-05,False,0.0015163307080369927,59.0,0.07936507936507936,0.0010771398784568227,55.0,0.14285714285714285,3.254482156045595e-05,59.0,0.07936507936507936,0.013756072657255916,27.0,0.5873015873015873
6,6,model.layers.6.mlp,56,functional_contribution,253.67891052220133,0.009044531273801892,24.0,reasoning,coding,0.00908032583616735,3.5794562365458254e-05,False,0.008460657375468219,45.0,0.30158730158730157,0.0060536559799657785,42.0,0.3492063492063492,3.5794562365458254e-05,58.0,0.09523809523809523,0.00908032583616735,34.0,0.47619047619047616
6,6,model.layers.6.mlp,42,functional_contribution,211.4034599408949,0.07980202011261261,60.0,coding,reasoning,0.08018130104233034,0.0003792809297177271,False,0.0005318687208505946,64.0,0.0,0.000570993993789634,59.0,0.07936507936507936,0.08018130104233034,4.0,0.9523809523809523,0.0003792809297177271,63.0,0.015873015873015872
7,7,model.layers.7.mlp,50,functional_contribution,8282357452.267383,0.008282357451267382,20.0,general,coding,0.008282357451267382,0.0,True,0.008282357451267382,44.0,0.31746031746031744,0.0008228527900243598,59.0,0.07936507936507936,0.0,64.0,0.0,0.0012126678223899322,59.0,0.07936507936507936
7,7,model.layers.7.mlp,55,functional_contribution,1879.9597688033145,0.03248923806069028,52.0,general,coding,0.03250652913670008,1.729107600979796e-05,False,0.03250652913670008,8.0,0.8888888888888888,0.01689855054234686,28.0,0.5714285714285714,1.729107600979796e-05,60.0,0.06349206349206349,0.01042421464095132,34.0,0.47619047619047616
7,7,model.layers.7.mlp,43,functional_contribution,1701.2079565246615,0.05667284510601719,57.0,general,coding,0.056706177995201903,3.3332889184716145e-05,False,0.056706177995201903,1.0,1.0,0.0010919873963815346,58.0,0.09523809523809523,3.3332889184716145e-05,58.0,0.09523809523809523,0.00928608893741363,37.0,0.42857142857142855
7,7,model.layers.7.mlp,44,functional_contribution,1039.6274776894702,0.03537452548399233,53.0,general,coding,0.035408584398478264,3.4058914485931945e-05,False,0.035408584398478264,4.0,0.9523809523809523,0.009979189749819388,37.0,0.42857142857142855,3.4058914485931945e-05,57.0,0.1111111111111111,0.0017038920682967175,57.0,0.1111111111111111
7,7,model.layers.7.mlp,51,functional_contribution,1024.9777915639618,0.005774118447207175,23.0,reasoning,coding,0.005779757356049534,5.6389088423591166e-06,False,0.004645273857449683,56.0,0.12698412698412698,1.8066369556655876e-05,64.0,0.0,5.6389088423591166e-06,63.0,0.015873015873015872,0.005779757356049534,41.0,0.36507936507936506
7,7,model.layers.7.mlp,57,functional_contribution,842.9629363370718,0.014176738108555638,25.0,general,coding,0.014193575829855186,1.6837721299548015e-05,False,0.014193575829855186,36.0,0.4444444444444444,0.0051975950201210135,47.0,0.2698412698412698,1.6837721299548015e-05,61.0,0.047619047619047616,0.0037199631424013973,47.0,0.2698412698412698
7,7,model.layers.7.mlp,8,functional_contribution,719.348145610381,0.004346271747783599,8.0,general,coding,0.004352322116335385,6.050368551786854e-06,False,0.004352322116335385,57.0,0.1111111111111111,0.0017783216590026843,56.0,0.12698412698412698,6.050368551786854e-06,62.0,0.031746031746031744,0.002562267607804221,54.0,0.15873015873015872
7,7,model.layers.7.mlp,40,functional_contribution,394.7412210130281,0.016025815445029953,31.0,general,coding,0.01606651683517157,4.070139014161909e-05,False,0.01606651683517157,25.0,0.6190476190476191,0.005842740117288533,45.0,0.30158730158730157,4.070139014161909e-05,56.0,0.12698412698412698,0.0017244108950171698,56.0,0.12698412698412698
7,7,model.layers.7.mlp,25,functional_contribution,367.5851121215936,0.03278341746636966,52.0,math,coding,0.032872846676710615,8.942921034095494e-05,False,0.0025507229207854154,59.0,0.07936507936507936,0.032872846676710615,7.0,0.9047619047619048,8.942921034095494e-05,54.0,0.15873015873015872,0.02539168907802256,18.0,0.7301587301587301
7,7,model.layers.7.mlp,11,functional_contribution,341.5500336832278,0.015002963710949993,30.0,general,coding,0.015047018803848193,4.405509289820064e-05,False,0.015047018803848193,32.0,0.5079365079365079,0.00022114108830798275,62.0,0.031746031746031744,4.405509289820064e-05,55.0,0.14285714285714285,0.011790237866799717,32.0,0.5079365079365079
8,8,model.layers.8.mlp,15,functional_contribution,30955296739.610065,0.030955296738610066,57.5,general,coding,0.030955296738610066,0.0,True,0.030955296738610066,6.0,0.9206349206349206,0.008785965207215692,37.0,0.42857142857142855,0.0,63.5,0.007936507936507936,0.0017720087041564303,54.0,0.15873015873015872
8,8,model.layers.8.mlp,46,functional_contribution,6585770314.662372,0.006585770313662371,14.0,general,coding,0.006585770313662371,0.0,True,0.006585770313662371,50.0,0.2222222222222222,6.520993648222174e-05,64.0,0.0,0.0,63.5,0.007936507936507936,0.0023252495504647776,53.0,0.1746031746031746
8,8,model.layers.8.mlp,19,functional_contribution,6332.065146989317,0.017602190464942907,37.0,general,coding,0.017604970752892125,2.780287949216306e-06,False,0.017604970752892125,26.0,0.6031746031746031,0.00018808590567866997,63.0,0.015873015873015872,2.780287949216306e-06,62.0,0.031746031746031744,0.00026416657455054346,62.0,0.031746031746031744
8,8,model.layers.8.mlp,4,functional_contribution,983.76756690811,0.005778152561271099,13.0,reasoning,coding,0.005784032030408122,5.879469137023115e-06,False,0.0054232977904063,52.0,0.19047619047619047,0.001041410874929459,59.0,0.07936507936507936,5.879469137023115e-06,61.0,0.047619047619047616,0.005784032030408122,48.0,0.25396825396825395
8,8,model.layers.8.mlp,3,functional_contribution,422.636945345746,0.08505184752365477,60.0,coding,reasoning,0.08525356572705432,0.00020171820339954927,False,0.000811270080290177,63.0,0.015873015873015872,0.0005177843822376472,61.0,0.047619047619047616,0.08525356572705432,4.0,0.9523809523809523,0.00020171820339954927,64.0,0.0
8,8,model.layers.8.mlp,5,functional_contribution,309.92251986254473,0.023872560576076653,47.0,general,coding,0.023949837429437088,7.727685336043563e-05,False,0.023949837429437088,13.0,0.8095238095238095,0.0007971130795263192,60.0,0.06349206349206349,7.727685336043563e-05,59.0,0.07936507936507936,0.000980288182081646,57.0,0.1111111111111111
8,8,model.layers.8.mlp,43,functional_contribution,100.40623059348076,0.004164408597159645,11.0,reasoning,coding,0.00420630142895591,4.1892831796264934e-05,False,0.0032194996469261986,59.0,0.07936507936507936,0.0031768596054212125,51.0,0.20634920634920634,4.1892831796264934e-05,60.0,0.06349206349206349,0.00420630142895591,49.0,0.23809523809523808
8,8,model.layers.8.mlp,31,functional_contribution,93.45847647798414,0.010764094868129926,23.0,math,coding,0.010880515721962993,0.00011642085383306695,False,0.009132965165713564,45.0,0.30158730158730157,0.010880515721962993,34.0,0.47619047619047616,0.00011642085383306695,57.0,0.1111111111111111,0.007052192769934834,45.0,0.30158730158730157
8,8,model.layers.8.mlp,34,functional_contribution,77.91918014559849,0.023703717515093942,44.0,general,coding,0.02401188145279201,0.000308163937698069,False,0.02401188145279201,12.0,0.8253968253968254,0.021652706479997525,15.0,0.7777777777777778,0.000308163937698069,56.0,0.12698412698412698,0.018102555262288714,21.0,0.6825396825396826
8,8,model.layers.8.mlp,58,functional_contribution,73.53607021623397,0.025040277931024337,51.0,general,reasoning,0.02538548932425038,0.00034521139322604374,False,0.02538548932425038,10.0,0.8571428571428571,0.0014724102109601534,57.0,0.1111111111111111,0.0006500107576779744,53.0,0.1746031746031746,0.00034521139322604374,61.0,0.047619047619047616
9,9,model.layers.9.mlp,18,functional_contribution,6209.198867448878,0.027224532872187464,58.0,general,coding,0.02722891812582467,4.385253637207648e-06,False,0.02722891812582467,6.0,0.9206349206349206,0.0007372765141406175,62.0,0.031746031746031744,4.385253637207648e-06,64.0,0.0,0.00787974656375427,44.0,0.31746031746031744
9,9,model.layers.9.mlp,10,functional_contribution,887.9652127207697,0.0184344986992089,43.0,general,coding,0.018455282488187157,2.0783788978257426e-05,False,0.018455282488187157,19.0,0.7142857142857143,0.01112007895784379,35.0,0.4603174603174603,2.0783788978257426e-05,62.0,0.031746031746031744,0.010669858742709733,39.0,0.3968253968253968
9,9,model.layers.9.mlp,4,functional_contribution,713.7815095565182,0.04503101556398584,56.0,coding,reasoning,0.04509419202724626,6.317646326042035e-05,False,0.0005888413843340062,64.0,0.0,6.934188047587769e-05,63.0,0.015873015873015872,0.04509419202724626,8.0,0.8888888888888888,6.317646326042035e-05,64.0,0.0
9,9,model.layers.9.mlp,56,functional_contribution,598.49673336025,0.007540526253314495,12.0,general,coding,0.0075531464489319855,1.2620195617490242e-05,False,0.0075531464489319855,51.0,0.20634920634920634,0.002047746104025969,57.0,0.1111111111111111,1.2620195617490242e-05,63.0,0.015873015873015872,0.00393922197096381,53.0,0.1746031746031746
9,9,model.layers.9.mlp,19,functional_contribution,264.2950731920018,0.00493116958514097,14.0,general,math,0.004949898265712406,1.872868057143613e-05,False,0.004949898265712406,55.0,0.14285714285714285,1.872868057143613e-05,64.0,0.0,2.4558578802007314e-05,61.0,0.047619047619047616,0.004684423136426223,50.0,0.2222222222222222
9,9,model.layers.9.mlp,46,functional_contribution,212.91758039495852,0.10770002025266759,60.0,coding,reasoning,0.10820823679534435,0.0005082165426767594,False,0.0008769754948326992,63.0,0.015873015873015872,0.0014373123031304813,58.0,0.09523809523809523,0.10820823679534435,3.0,0.9682539682539683,0.0005082165426767594,62.0,0.031746031746031744
9,9,model.layers.9.mlp,25,functional_contribution,107.08595346030205,0.004662766222703135,3.0,general,coding,0.004706718941838209,4.395271913507395e-05,False,0.004706718941838209,57.0,0.1111111111111111,0.0012437033244518233,59.0,0.07936507936507936,4.395271913507395e-05,60.0,0.06349206349206349,0.0020645941578276974,57.0,0.1111111111111111
9,9,model.layers.9.mlp,39,functional_contribution,59.80145726412824,0.026888918322723603,54.0,coding,reasoning,0.027346201517987636,0.00045728319526403466,False,0.0013156874398525433,62.0,0.031746031746031744,0.0009389478156902766,60.0,0.06349206349206349,0.027346201517987636,9.0,0.873015873015873,0.00045728319526403466,63.0,0.015873015873015872
9,9,model.layers.9.mlp,45,functional_contribution,56.496084090485176,0.015222813230575226,33.0,reasoning,coding,0.015497117506715839,0.0002743042761406133,False,0.006412162926911356,53.0,0.1746031746031746,0.006401171197373766,44.0,0.31746031746031744,0.0002743042761406133,59.0,0.07936507936507936,0.015497117506715839,26.0,0.6031746031746031
9,9,model.layers.9.mlp,17,functional_contribution,40.19740688075697,0.030000646275935888,54.0,general,coding,0.030766019514221876,0.0007653732382859892,False,0.030766019514221876,4.0,0.9523809523809523,0.007007916100924888,42.0,0.3492063492063492,0.0007653732382859892,52.0,0.19047619047619047,0.0018665765577237593,58.0,0.09523809523809523
10,10,model.layers.10.mlp,54,functional_contribution,2226.49156184538,0.03088690063562603,61.0,general,coding,0.03090077932154858,1.3878685922548732e-05,False,0.03090077932154858,3.0,0.9682539682539683,0.00411996493266697,57.0,0.1111111111111111,1.3878685922548732e-05,64.0,0.0,0.004834974709672848,50.0,0.2222222222222222
10,10,model.layers.10.mlp,63,functional_contribution,538.0154471134559,0.00861337829031226,13.0,general,coding,0.008629417638527651,1.603934821539138e-05,False,0.008629417638527651,50.0,0.2222222222222222,0.0009423171601119188,62.0,0.031746031746031744,1.603934821539138e-05,63.0,0.015873015873015872,0.004153579000528917,53.0,0.1746031746031746
10,10,model.layers.10.mlp,19,functional_contribution,518.4729024953892,0.0270515267943992,53.0,coding,math,0.02710380301243202,5.227621803282217e-05,False,0.0009558266102705037,64.0,0.0,5.227621803282217e-05,64.0,0.0,0.02710380301243202,11.0,0.8412698412698413,0.0005030574122354007,62.0,0.031746031746031744
10,10,model.layers.10.mlp,40,functional_contribution,130.68127189875935,0.042630202837535776,60.0,general,coding,0.04295893344052628,0.00032873060299050275,False,0.04295893344052628,1.0,1.0,0.010135004564771713,42.0,0.3492063492063492,0.00032873060299050275,60.0,0.06349206349206349,0.0013602589094760323,61.0,0.047619047619047616
10,10,model.layers.10.mlp,33,functional_contribution,101.24729339572539,0.007887300013676058,10.0,general,coding,0.007965978446242748,7.867843256668997e-05,False,0.007965978446242748,51.0,0.20634920634920634,0.006745506082516085,52.0,0.19047619047619047,7.867843256668997e-05,61.0,0.047619047619047616,0.004627040708832319,52.0,0.19047619047619047
10,10,model.layers.10.mlp,56,functional_contribution,69.25497546421686,0.16233830309932717,60.0,coding,general,0.16471671290648005,0.0023784098071528747,False,0.0023784098071528747,61.0,0.047619047619047616,0.009277016043082696,48.0,0.25396825396825395,0.16471671290648005,1.0,1.0,0.002559924398768698,59.0,0.07936507936507936
10,10,model.layers.10.mlp,25,functional_contribution,67.35057418685437,0.0033793639419127403,4.0,general,coding,0.003430295888123866,5.093194621112561e-05,False,0.003430295888123866,60.0,0.06349206349206349,0.0002738545151526442,63.0,0.015873015873015872,5.093194621112561e-05,62.0,0.031746031746031744,0.0002956267978312447,64.0,0.0
10,10,model.layers.10.mlp,41,functional_contribution,26.553448107475216,0.023387684359277308,45.0,general,coding,0.02430293009188285,0.0009152457326055422,False,0.02430293009188285,11.0,0.8412698412698413,0.013622792474963473,33.0,0.49206349206349204,0.0009152457326055422,56.0,0.12698412698412698,0.009132267690909298,40.0,0.38095238095238093
10,10,model.layers.10.mlp,57,functional_contribution,24.462392107725986,0.010562098654421134,20.0,general,reasoning,0.01101227008546975,0.0004501714310486153,False,0.01101227008546975,43.0,0.3333333333333333,0.0013671975514558043,61.0,0.047619047619047616,0.0019637189008605968,50.0,0.2222222222222222,0.0004501714310486153,63.0,0.015873015873015872
10,10,model.layers.10.mlp,51,functional_contribution,20.45756165149701,0.01123229707966965,21.0,general,coding,0.0118095686443905,0.0005772715647208502,False,0.0118095686443905,38.0,0.4126984126984127,0.00968476789798707,44.0,0.31746031746031744,0.0005772715647208502,59.0,0.07936507936507936,0.008113254784770499,44.0,0.31746031746031744
11,11,model.layers.11.mlp,50,functional_contribution,6161701734.68033,0.0061617017336803295,18.0,general,coding,0.0061617017336803295,0.0,True,0.0061617017336803295,49.0,0.23809523809523808,0.004637469963397007,46.0,0.2857142857142857,0.0,64.0,0.0,0.0031813069739743266,53.0,0.1746031746031746
11,11,model.layers.11.mlp,48,functional_contribution,1894.7430733117076,0.08076642368354907,61.0,reasoning,coding,0.0808090727751434,4.264909159433369e-05,False,0.014318724766437025,31.0,0.5238095238095238,0.0019239910035597548,58.0,0.09523809523809523,4.264909159433369e-05,62.0,0.031746031746031744,0.0808090727751434,1.0,1.0
11,11,model.layers.11.mlp,13,functional_contribution,1003.788781381654,0.10586378842278392,61.0,coding,reasoning,0.10596935780028946,0.00010556937750553492,False,0.0008109477551047645,63.0,0.015873015873015872,0.0005230639132643335,63.0,0.015873015873015872,0.10596935780028946,3.0,0.9682539682539683,0.00010556937750553492,64.0,0.0
11,11,model.layers.11.mlp,6,functional_contribution,428.81101188671596,0.05481208065224277,59.0,general,coding,0.05494020283400406,0.00012812218176129126,False,0.05494020283400406,1.0,1.0,0.0023035531165875264,55.0,0.14285714285714285,0.00012812218176129126,60.0,0.06349206349206349,0.005533650752983899,45.0,0.30158730158730157
11,11,model.layers.11.mlp,53,functional_contribution,398.5059424923617,0.016558199878602405,38.0,math,coding,0.016599855103621875,4.165522501947158e-05,False,0.00518397883791887,53.0,0.1746031746031746,0.016599855103621875,25.0,0.6190476190476191,4.165522501947158e-05,63.0,0.015873015873015872,0.002117379961774498,56.0,0.12698412698412698
11,11,model.layers.11.mlp,1,functional_contribution,372.2975418622874,0.04341192099222627,57.0,math,coding,0.043528840485964886,0.00011691949373860929,False,0.011003930035255986,40.0,0.38095238095238093,0.043528840485964886,4.0,0.9523809523809523,0.00011691949373860929,61.0,0.047619047619047616,0.02509537371523101,15.0,0.7777777777777778
11,11,model.layers.11.mlp,27,functional_contribution,158.69552269049927,0.1761318338041418,61.0,coding,reasoning,0.17724874461201637,0.0011169108078745583,False,0.0015155283112596304,62.0,0.031746031746031744,0.004804375926462303,44.0,0.31746031746031744,0.17724874461201637,1.0,1.0,0.0011169108078745583,60.0,0.06349206349206349
11,11,model.layers.11.mlp,30,functional_contribution,75.27071379742094,0.022257089747256292,43.0,general,coding,0.02255676492923574,0.00029967518197944747,False,0.02255676492923574,14.0,0.7936507936507936,0.017470375665927268,23.0,0.6507936507936508,0.00029967518197944747,57.0,0.1111111111111111,0.01475646717618457,26.0,0.6031746031746031
11,11,model.layers.11.mlp,25,functional_contribution,62.39450359513219,0.009950913349697542,17.0,general,coding,0.010112994850574633,0.00016208150087709187,False,0.010112994850574633,43.0,0.3333333333333333,0.003898352159642854,49.0,0.23809523809523808,0.00016208150087709187,59.0,0.07936507936507936,0.0072786493059666,42.0,0.3492063492063492
11,11,model.layers.11.mlp,19,functional_contribution,55.07076144832967,0.012985556750203093,24.0,general,coding,0.013225715319239363,0.00024015856903626936,False,0.013225715319239363,34.0,0.47619047619047616,0.004788145028783361,45.0,0.30158730158730157,0.00024015856903626936,58.0,0.09523809523809523,0.010832914190605438,36.0,0.4444444444444444
12,12,model.layers.12.mlp,63,functional_contribution,56411136541.35958,0.056411136540359584,60.5,math,coding,0.056411136540359584,0.0,True,0.007883872382986419,52.0,0.19047619047619047,0.056411136540359584,3.0,0.9682539682539683,0.0,63.5,0.007936507936507936,0.004003359645535052,50.0,0.2222222222222222
12,12,model.layers.12.mlp,37,functional_contribution,17876340121.78358,0.017876340120783582,47.0,general,math,0.017876340120783582,0.0,True,0.017876340120783582,17.0,0.746031746031746,0.0,64.0,0.0,0.0,63.5,0.007936507936507936,0.0012284550699456205,59.0,0.07936507936507936
12,12,model.layers.12.mlp,18,functional_contribution,1755.4611275761306,0.03213475765086192,54.0,reasoning,coding,0.03215307367701452,1.831602615259789e-05,False,0.005939816823876291,56.0,0.12698412698412698,0.0010012876222346553,60.0,0.06349206349206349,1.831602615259789e-05,62.0,0.031746031746031744,0.03215307367701452,8.0,0.8888888888888888
12,12,model.layers.12.mlp,8,functional_contribution,719.7472198740045,0.04696498553884394,58.0,coding,reasoning,0.047030328379165924,6.534284032198361e-05,False,0.0005923711515924896,64.0,0.0,0.0001314433405099017,63.0,0.015873015873015872,0.047030328379165924,6.0,0.9206349206349206,6.534284032198361e-05,64.0,0.0
12,12,model.layers.12.mlp,27,functional_contribution,715.3979450587375,0.01666946726097863,39.0,general,coding,0.01669280084789875,2.3333586920116534e-05,False,0.01669280084789875,22.0,0.6666666666666666,0.008028516641812438,38.0,0.4126984126984127,2.3333586920116534e-05,61.0,0.047619047619047616,0.0032780588878119064,54.0,0.15873015873015872
12,12,model.layers.12.mlp,11,functional_contribution,640.1153480878415,0.06573309556153958,56.0,reasoning,coding,0.06583594568885869,0.00010285012731909817,False,0.01394691373312971,33.0,0.49206349206349204,0.02039658549009197,16.0,0.7619047619047619,0.00010285012731909817,59.0,0.07936507936507936,0.06583594568885869,3.0,0.9682539682539683
12,12,model.layers.12.mlp,38,functional_contribution,442.06408737061577,0.10534381156999632,61.0,coding,math,0.1055826517162366,0.00023884014624027714,False,0.0009585271828665916,63.0,0.015873015873015872,0.00023884014624027714,62.0,0.031746031746031744,0.1055826517162366,2.0,0.9841269841269841,0.0002499295696857637,63.0,0.015873015873015872
12,12,model.layers.12.mlp,35,functional_contribution,389.62455190859424,0.08254519546007806,57.0,reasoning,coding,0.08275759890876926,0.00021240344869118927,False,0.017856928397120816,18.0,0.7301587301587301,0.0020112358509601453,59.0,0.07936507936507936,0.00021240344869118927,57.0,0.1111111111111111,0.08275759890876926,2.0,0.9841269841269841
12,12,model.layers.12.mlp,31,functional_contribution,245.57743231136425,0.06454340280222548,57.0,coding,math,0.06480730042330884,0.0002638976210833703,False,0.0019602669922367303,62.0,0.031746031746031744,0.0002638976210833703,61.0,0.047619047619047616,0.06480730042330884,5.0,0.9365079365079365,0.0007850685881507054,61.0,0.047619047619047616
12,12,model.layers.12.mlp,61,functional_contribution,240.82867472302485,0.012819001004204297,20.0,general,coding,0.012872451663426678,5.345065922238084e-05,False,0.012872451663426678,40.0,0.38095238095238093,0.004404784590497212,52.0,0.19047619047619047,5.345065922238084e-05,60.0,0.06349206349206349,0.0039415127176012366,51.0,0.20634920634920634
13,13,model.layers.13.mlp,6,functional_contribution,28838.01708611223,0.07236018750711991,59.0,coding,reasoning,0.07236269678741246,2.5092802925497845e-06,False,0.00035620639735817856,64.0,0.0,9.04982385946201e-05,64.0,0.0,0.07236269678741246,5.0,0.9365079365079365,2.5092802925497845e-06,64.0,0.0
13,13,model.layers.13.mlp,52,functional_contribution,11069.039666148057,0.09282134486403448,63.0,general,coding,0.09282973129348322,8.386429448738946e-06,False,0.09282973129348322,1.0,1.0,0.0012494860738070618,60.0,0.06349206349206349,8.386429448738946e-06,64.0,0.0,0.0015022092159602937,53.0,0.1746031746031746
13,13,model.layers.13.mlp,25,functional_contribution,466.86651746885065,0.11209672499409111,61.0,coding,math,0.11233734482901135,0.0002406198349202457,False,0.001261890602057698,62.0,0.031746031746031744,0.0002406198349202457,63.0,0.015873015873015872,0.11233734482901135,2.0,0.9841269841269841,0.00035921477742929835,61.0,0.047619047619047616
13,13,model.layers.13.mlp,62,functional_contribution,362.80190894657954,0.10296965359091005,59.0,coding,reasoning,0.10325425588482529,0.0002846022939152367,False,0.0013502852005813516,61.0,0.047619047619047616,0.0003067110469149818,62.0,0.031746031746031744,0.10325425588482529,3.0,0.9682539682539683,0.0002846022939152367,62.0,0.031746031746031744
13,13,model.layers.13.mlp,48,functional_contribution,275.4792375451712,0.02614128093761697,52.0,general,coding,0.026236520493427947,9.523955581097696e-05,False,0.026236520493427947,11.0,0.8412698412698413,0.006721119916550207,41.0,0.36507936507936506,9.523955581097696e-05,63.0,0.015873015873015872,0.01152541647411781,32.0,0.5079365079365079
13,13,model.layers.13.mlp,11,functional_contribution,191.70274271106237,0.049757408236039205,56.0,coding,reasoning,0.05001832429491689,0.0002609160588776897,False,0.0008579360533737089,63.0,0.015873015873015872,0.0035238886157200745,51.0,0.20634920634920634,0.05001832429491689,7.0,0.9047619047619048,0.0002609160588776897,63.0,0.015873015873015872
13,13,model.layers.13.mlp,33,functional_contribution,178.1618923942258,0.022826007195679007,49.0,general,coding,0.02295484984186007,0.00012884264618106482,False,0.02295484984186007,13.0,0.8095238095238095,0.02248780441659216,17.0,0.746031746031746,0.00012884264618106482,62.0,0.031746031746031744,0.016430371586326046,22.0,0.6666666666666666
13,13,model.layers.13.mlp,63,functional_contribution,148.700011911153,0.04752148869099267,57.0,general,coding,0.04784323198625983,0.0003217432952671567,False,0.04784323198625983,2.0,0.9841269841269841,0.04318047586161651,3.0,0.9682539682539683,0.0003217432952671567,59.0,0.07936507936507936,0.04046435655687221,5.0,0.9365079365079365
13,13,model.layers.13.mlp,14,functional_contribution,105.4344360070892,0.018079712828579717,38.0,general,coding,0.018252833050370527,0.0001731202217908085,False,0.018252833050370527,22.0,0.6666666666666666,0.002967599720961783,53.0,0.1746031746031746,0.0001731202217908085,60.0,0.06349206349206349,0.014168487557162115,25.0,0.6190476190476191
13,13,model.layers.13.mlp,56,functional_contribution,72.95647248956018,0.034469174985077476,51.0,general,coding,0.03494820312140145,0.0004790281363239696,False,0.03494820312140145,3.0,0.9682539682539683,0.005228478503576921,47.0,0.2698412698412698,0.0004790281363239696,54.0,0.15873015873015872,0.0020542578118975746,52.0,0.19047619047619047
14,14,model.layers.14.mlp,55,functional_contribution,14925705728.03294,0.01492570572703294,29.0,general,coding,0.01492570572703294,0.0,True,0.01492570572703294,35.0,0.4603174603174603,9.442599953693597e-05,64.0,0.0,0.0,64.0,0.0,0.0005029918796016394,61.0,0.047619047619047616
14,14,model.layers.14.mlp,14,functional_contribution,5959.230159610518,0.02407327910373275,49.0,general,coding,0.02407731944331357,4.040339580818783e-06,False,0.02407731944331357,14.0,0.7936507936507936,0.0006464605407433535,61.0,0.047619047619047616,4.040339580818783e-06,63.0,0.015873015873015872,0.004121428677877227,48.0,0.25396825396825395
14,14,model.layers.14.mlp,3,functional_contribution,1411.4552989630808,0.039385714601781044,60.0,general,coding,0.03941363871481056,2.7924113029516633e-05,False,0.03941363871481056,2.0,0.9841269841269841,0.01615986989689443,26.0,0.6031746031746031,2.7924113029516633e-05,62.0,0.031746031746031744,0.004629476625085775,47.0,0.2698412698412698
14,14,model.layers.14.mlp,43,functional_contribution,847.8981182328521,0.0253513480486313,49.0,general,coding,0.02538128240160239,2.9934352971088906e-05,False,0.02538128240160239,12.0,0.8253968253968254,0.021380738975874808,19.0,0.7142857142857143,2.9934352971088906e-05,61.0,0.047619047619047616,0.008731825919689953,38.0,0.4126984126984127
14,14,model.layers.14.mlp,36,functional_contribution,799.3648590184087,0.06996277505501665,61.0,coding,reasoning,0.07005040763737087,8.763258235422734e-05,False,0.0009219683082051638,62.0,0.031746031746031744,0.0007693508583773609,60.0,0.06349206349206349,0.07005040763737087,3.0,0.9682539682539683,8.763258235422734e-05,64.0,0.0
14,14,model.layers.14.mlp,21,functional_contribution,567.8907982017462,0.024117605902644862,47.0,general,coding,0.024160149555518148,4.254365287328415e-05,False,0.024160149555518148,13.0,0.8095238095238095,0.022773752146661125,17.0,0.746031746031746,4.254365287328415e-05,60.0,0.06349206349206349,0.016034099057870236,23.0,0.6507936507936508
14,14,model.layers.14.mlp,25,functional_contribution,394.27949901657536,0.02485722224365072,47.0,math,coding,0.02492042722105872,6.32049774079975e-05,False,0.006722364211149586,49.0,0.23809523809523808,0.02492042722105872,12.0,0.8253968253968254,6.32049774079975e-05,59.0,0.07936507936507936,0.016123645055840217,22.0,0.6666666666666666
14,14,model.layers.14.mlp,6,functional_contribution,339.97063370459824,0.11091952918667128,61.0,coding,reasoning,0.11124675378319596,0.0003272245965246753,False,0.0008692648622202702,63.0,0.015873015873015872,0.0005582205440308398,62.0,0.031746031746031744,0.11124675378319596,2.0,0.9841269841269841,0.0003272245965246753,62.0,0.031746031746031744
14,14,model.layers.14.mlp,28,functional_contribution,335.82696189373416,0.03435261830290015,52.0,coding,reasoning,0.03445521642634212,0.00010259812344197018,False,0.0004889705406814635,64.0,0.0,0.003930609140596007,52.0,0.19047619047619047,0.03445521642634212,12.0,0.8253968253968254,0.00010259812344197018,63.0,0.015873015873015872
14,14,model.layers.14.mlp,59,functional_contribution,195.46743919226822,0.01763652022580035,35.0,general,coding,0.01772721160377389,9.06913779735426e-05,False,0.01772721160377389,23.0,0.6507936507936508,0.014331224166225925,33.0,0.49206349206349204,9.06913779735426e-05,58.0,0.09523809523809523,0.008281221530098344,41.0,0.36507936507936506
15,15,model.layers.15.mlp,49,functional_contribution,42357265029.77656,0.042357265028776556,62.0,general,coding,0.042357265028776556,0.0,True,0.042357265028776556,2.0,0.9841269841269841,0.002048462774372975,58.0,0.09523809523809523,0.0,64.0,0.0,0.0018544055709115036,55.0,0.14285714285714285
15,15,model.layers.15.mlp,59,functional_contribution,1856.693711028151,0.03120584846065961,59.0,general,coding,0.0312226647307259,1.681627006629032e-05,False,0.0312226647307259,5.0,0.9365079365079365,0.006123884867486112,45.0,0.30158730158730157,1.681627006629032e-05,62.0,0.031746031746031744,7.348967859811344e-05,64.0,0.0
15,15,model.layers.15.mlp,25,functional_contribution,1662.951275053929,0.006602978431637117,17.0,general,coding,0.006606951458324961,3.973026687844131e-06,False,0.006606951458324961,49.0,0.23809523809523808,0.005916649805913007,46.0,0.2857142857142857,3.973026687844131e-06,63.0,0.015873015873015872,0.0036588175233863724,49.0,0.23809523809523808
15,15,model.layers.15.mlp,39,functional_contribution,478.47975885293846,0.027373731576859517,46.0,math,coding,0.02743106119260101,5.732961574149311e-05,False,0.0024688776001644676,58.0,0.09523809523809523,0.02743106119260101,14.0,0.7936507936507936,5.732961574149311e-05,60.0,0.06349206349206349,0.020390851550049847,17.0,0.746031746031746
15,15,model.layers.15.mlp,38,functional_contribution,293.1017756709448,0.06212339339051673,56.0,reasoning,coding,0.062336070608776425,0.0002126772182596983,False,0.009693718316315526,40.0,0.38095238095238093,0.018532830499006538,23.0,0.6507936507936508,0.0002126772182596983,57.0,0.1111111111111111,0.062336070608776425,1.0,1.0
15,15,model.layers.15.mlp,30,functional_contribution,202.65771488961232,0.10412430316846322,60.0,coding,reasoning,0.10464064494603321,0.0005163417775699942,False,0.002607321412434426,56.0,0.12698412698412698,0.0005511423284334164,61.0,0.047619047619047616,0.10464064494603321,3.0,0.9682539682539683,0.0005163417775699942,63.0,0.015873015873015872
15,15,model.layers.15.mlp,51,functional_contribution,198.8994608971564,0.022459805201078042,42.0,math,coding,0.02257329618736653,0.0001134909862884892,False,0.00388368865024171,53.0,0.1746031746031746,0.02257329618736653,17.0,0.746031746031746,0.0001134909862884892,59.0,0.07936507936507936,0.0017853640038571412,56.0,0.12698412698412698
15,15,model.layers.15.mlp,45,functional_contribution,193.48774086825887,0.026832069288068028,45.0,general,coding,0.02697146553727615,0.00013939624920812234,False,0.02697146553727615,13.0,0.8095238095238095,0.013526119532402103,29.0,0.5555555555555556,0.00013939624920812234,58.0,0.09523809523809523,0.023946114108972277,14.0,0.7936507936507936
15,15,model.layers.15.mlp,14,functional_contribution,192.45008403289236,0.010466622311834265,25.0,general,coding,0.010521292552243175,5.4670240408909655e-05,False,0.010521292552243175,36.0,0.4444444444444444,0.003742150478356836,48.0,0.25396825396825395,5.4670240408909655e-05,61.0,0.047619047619047616,0.0006954386864322783,61.0,0.047619047619047616
15,15,model.layers.15.mlp,26,functional_contribution,106.57123221563124,0.03927123106549998,52.0,reasoning,coding,0.03964321906010552,0.00037198799460554284,False,0.03516924897310694,3.0,0.9682539682539683,0.021603792334593058,19.0,0.7142857142857143,0.00037198799460554284,55.0,0.14285714285714285,0.03964321906010552,8.0,0.8888888888888888
