workload,regime,capacity,stage0_simple,oracle,stage1_cost,stage1_gap_closed,stage2_cost,stage2_gap_closed,stage3_cost,stage3_gap_closed
coding_to_general,abrupt,8,1433992.0,1433992.0,1433992.0,,1433992.0,,1433992.0,
coding_to_general,abrupt,12,1069157.0,877841.0,1058136.0,0.05760626398210291,1063178.0,0.031251960107884336,1027419.0,0.2181626210039934
coding_to_general,abrupt,16,850900.0,620099.0,834753.0,0.06996070207668077,842591.0,0.036000710568845025,799787.0,0.22145917911967453
coding_to_general,abrupt,24,545108.0,334892.0,530371.0,0.07010408341895955,535567.0,0.045386649921985,499811.0,0.2154783651101724
coding_to_general,abrupt,32,334559.0,179823.0,326523.0,0.05193361596525695,325491.0,0.05860304001654431,304163.0,0.19643780374314962
general_to_coding,abrupt,8,1433982.0,1433982.0,1433982.0,,1433982.0,,1433982.0,
general_to_coding,abrupt,12,1069228.0,877829.0,1058094.0,0.058171672788259084,1069172.0,0.00029258251088041214,1027409.0,0.21849121468764204
general_to_coding,abrupt,16,850865.0,620077.0,834522.0,0.07081390713555298,849347.0,0.006577465032843995,799783.0,0.22133733123039326
general_to_coding,abrupt,24,545013.0,334829.0,530035.0,0.07126137098922848,538558.0,0.030711186389068626,499760.0,0.21530183077684314
general_to_coding,abrupt,32,334386.0,179764.0,326131.0,0.053388262989742724,327714.0,0.04315039257026814,304079.0,0.19600703651485557
general_to_math,abrupt,8,1499588.0,1499588.0,1499588.0,,1499588.0,,1499588.0,
general_to_math,abrupt,12,1177459.0,978683.0,1165865.0,0.05832696100132813,1177402.0,0.00028675494023423353,1134255.0,0.21735018312069868
general_to_math,abrupt,16,969868.0,720684.0,949182.0,0.08301496083215616,969363.0,0.0020266148709387442,912148.0,0.23163606010016694
general_to_math,abrupt,24,648903.0,408761.0,629781.0,0.07962788683362344,640414.0,0.03534991796520392,595331.0,0.22308467490068376
general_to_math,abrupt,32,404859.0,221068.0,395406.0,0.05143342165829665,397917.0,0.03777116398517882,366820.0,0.20696878519622833
math_to_reasoning,abrupt,8,1558581.0,1558581.0,1558581.0,,1558581.0,,1558581.0,
math_to_reasoning,abrupt,12,1236462.0,1018354.0,1206678.0,0.13655620151484585,1226055.0,0.04771489353898069,1175473.0,0.2796275239789462
math_to_reasoning,abrupt,16,1021475.0,754887.0,980150.0,0.15501447927138506,996351.0,0.09424280162647981,947428.0,0.2777581886656564
math_to_reasoning,abrupt,24,685455.0,432616.0,645043.0,0.15983293716554803,662927.0,0.08910017837438053,624630.0,0.24056810855920172
math_to_reasoning,abrupt,32,428958.0,235782.0,401800.0,0.14058682237959166,414090.0,0.07696608274319791,388523.0,0.20931689236758189
mixed_interleaved,mixed,8,2994367.0,2994367.0,2994367.0,,2994367.0,,2994367.0,
mixed_interleaved,mixed,12,2322183.0,1898544.0,2277997.0,0.1043010676543,2309796.0,0.029239517608152223,2206910.0,0.2721019547303246
mixed_interleaved,mixed,16,1894325.0,1377663.0,1831903.0,0.12081786545168795,1864665.0,0.05740697012747212,1751843.0,0.2757741037660985
mixed_interleaved,mixed,24,1257349.0,771488.0,1193292.0,0.13184223471322046,1219981.0,0.0769108860353064,1130850.0,0.2603604734687493
mixed_interleaved,mixed,32,790086.0,420918.0,745919.0,0.11963929701382568,759451.0,0.08298389892948468,700885.0,0.24162711827677372
repeated_domain_cycle,repeated,8,936595.0,936595.0,936595.0,,936595.0,,936595.0,
repeated_domain_cycle,repeated,12,727303.0,598832.0,716788.0,0.08184726514154946,726356.0,0.007371313370332604,695756.0,0.24555736314031962
repeated_domain_cycle,repeated,16,592679.0,436094.0,577674.0,0.0958265478813424,587541.0,0.032812849251205416,553568.0,0.24977488265159498
repeated_domain_cycle,repeated,24,390600.0,244364.0,377218.0,0.09150961459558522,382562.0,0.05496594545802675,357838.0,0.22403512131075795
repeated_domain_cycle,repeated,32,243124.0,132133.0,235345.0,0.07008676379165878,236395.0,0.06062653728680704,220339.0,0.20528691515528286
stationary_coding,stationary,8,690459.0,690459.0,690459.0,,690459.0,,690459.0,
stationary_coding,stationary,12,478097.0,387103.0,468087.0,0.11000725322548739,471785.0,0.06936721102490274,456572.0,0.23655405850935227
stationary_coding,stationary,16,362112.0,258999.0,349939.0,0.11805494942441787,353652.0,0.08204591079689273,338966.0,0.22447218100530486
stationary_coding,stationary,24,214192.0,128628.0,202082.0,0.14153148520405778,206975.0,0.08434622037305409,195826.0,0.2146463465943621
stationary_coding,stationary,32,122784.0,65310.0,113003.0,0.17018129937014997,116974.0,0.10108918815464384,112307.0,0.18229112294254793
stationary_general,stationary,8,743541.0,743541.0,743541.0,,743541.0,,743541.0,
stationary_general,stationary,12,591023.0,490816.0,589958.0,0.010628000039917372,590966.0,0.0005688225373476903,570873.0,0.20108375662378875
stationary_general,stationary,16,488647.0,361227.0,484550.0,0.032153508083503375,488497.0,0.0011772092293203579,460893.0,0.21781509967038143
stationary_general,stationary,24,330793.0,206469.0,328050.0,0.022063318426048067,327754.0,0.024444194202245743,304073.0,0.21492229979730382
stationary_general,stationary,32,211706.0,114832.0,213347.0,-0.01693952969837108,207893.0,0.039360406300968265,192031.0,0.2030988706980201
stationary_math,stationary,8,756075.0,756075.0,756075.0,,756075.0,,756075.0,
stationary_math,stationary,12,586400.0,487947.0,575892.0,0.10673113059023087,584073.0,0.02363564340345139,563451.0,0.23309599504332015
stationary_math,stationary,16,481163.0,359594.0,464644.0,0.13588168036259243,473283.0,0.06481915619936003,451362.0,0.24513650683973712
stationary_math,stationary,24,318036.0,202555.0,301769.0,0.1408629991080784,309654.0,0.07258336869268538,291376.0,0.23086048787246388
stationary_math,stationary,32,193152.0,106587.0,182140.0,0.12721076647605845,187279.0,0.06784497198636863,174959.0,0.21016577138566395
stationary_reasoning,stationary,8,802545.0,802545.0,802545.0,,802545.0,,802545.0,
stationary_reasoning,stationary,12,650118.0,530522.0,630784.0,0.16166092511455232,632821.0,0.144628582895749,612110.0,0.31780327101240846
stationary_reasoning,stationary,16,540368.0,395463.0,515535.0,0.1713743487112246,520647.0,0.13609606293778684,496239.0,0.3045374555743418
stationary_reasoning,stationary,24,367556.0,230349.0,343417.0,0.17593125715160304,357081.0,0.07634450137383661,333510.0,0.24813602804521634
stationary_reasoning,stationary,32,236020.0,129629.0,219911.0,0.15141318344596819,229890.0,0.05761765562876559,213896.0,0.20794992057598857
