workload,regime,capacity,best_simple_policy,best_simple_cost,oracle_cost,absolute_gap,headroom,headroom_ci_low,headroom_ci_high,absolute_gap_ci_low,absolute_gap_ci_high,mean_sequence_absolute_gap,median_sequence_absolute_gap,paired_standardized_effect,sequences
coding_to_general,abrupt,8,lru,1433992.0,1433992.0,0.0,0.0,0.0,0.0,0.0,0.0,0.0,0.0,0.0,160
coding_to_general,abrupt,12,lfu_decay(alpha=0.95),1069157.0,877841.0,191316.0,0.17894097873371265,0.1749168123457721,0.182780381737429,184238.075,198072.025,1195.725,1225.5,4.2231543408235925,160
coding_to_general,abrupt,16,lfu_decay(alpha=0.95),850900.0,620099.0,230801.0,0.27124338935245035,0.265606301981977,0.2765993050928458,221147.95,240547.625,1442.50625,1411.0,3.370953078366028,160
coding_to_general,abrupt,24,lfu_decay(alpha=0.95),545108.0,334892.0,210216.0,0.38564101058872735,0.37951467773478714,0.39237559096635616,199382.95,220894.75,1313.85,1209.5,2.5849573463606683,160
coding_to_general,abrupt,32,lfu_decay(alpha=0.95),334559.0,179823.0,154736.0,0.462507360435678,0.4570230657136909,0.4682589539904697,144815.95,164286.15,967.1,839.5,2.085587098667051,160
general_to_coding,abrupt,8,lru,1433982.0,1433982.0,0.0,0.0,0.0,0.0,0.0,0.0,0.0,0.0,0.0,160
general_to_coding,abrupt,12,lfu_decay(alpha=0.95),1069228.0,877829.0,191399.0,0.17900672260733913,0.17474472182640316,0.18298561330489058,184745.175,198049.725,1196.24375,1227.5,4.224981597669435,160
general_to_coding,abrupt,16,lfu_decay(alpha=0.95),850865.0,620077.0,230788.0,0.27123926827405054,0.26573613663224266,0.2769053748185595,220794.525,240148.3,1442.425,1417.5,3.367393814444452,160
general_to_coding,abrupt,24,lfu_decay(alpha=0.95),545013.0,334829.0,210184.0,0.38564951661703484,0.37852049130508425,0.3922611670237915,199122.175,221216.3,1313.65,1209.5,2.585318748954744,160
general_to_coding,abrupt,32,lfu_decay(alpha=0.95),334386.0,179764.0,154622.0,0.46240572272762615,0.4558193661466236,0.4686319370974391,144984.3,163548.65,966.3875,839.0,2.089669704150551,160
general_to_math,abrupt,8,lru,1499588.0,1499588.0,0.0,0.0,0.0,0.0,0.0,0.0,0.0,0.0,0.0,160
general_to_math,abrupt,12,lfu_decay(alpha=0.95),1177459.0,978683.0,198776.0,0.1688177677524228,0.16482573950838028,0.1724834432974228,190993.175,206316.4,1242.35,1302.0,3.8888558993159763,160
general_to_math,abrupt,16,lfu_decay(alpha=0.95),969868.0,720684.0,249184.0,0.25692568473235533,0.2511478000548902,0.26234639397180887,237788.4,259366.825,1557.4,1650.5,3.3323980197964396,160
general_to_math,abrupt,24,lfu_decay(alpha=0.95),648903.0,408761.0,240142.0,0.3700738014772624,0.36298934020031315,0.3769947076388147,226610.25,252236.95,1500.8875,1566.5,2.8998941483078795,160
general_to_math,abrupt,32,lfu_decay(alpha=0.95),404859.0,221068.0,183791.0,0.45396298464403656,0.44743421815718537,0.4609046743606829,171892.25,194562.65,1148.69375,1201.5,2.5595612107300862,160
math_to_reasoning,abrupt,8,lru,1558581.0,1558581.0,0.0,0.0,0.0,0.0,0.0,0.0,0.0,0.0,0.0,160
math_to_reasoning,abrupt,12,lfu_decay(alpha=0.95),1236462.0,1018354.0,218108.0,0.17639684842720602,0.17310285637223188,0.1798289609958003,212272.55,224140.725,1363.175,1400.0,5.167320244411077,160
math_to_reasoning,abrupt,16,lfu_decay(alpha=0.95),1021475.0,754887.0,266588.0,0.26098338187425046,0.25662111560774226,0.26591436335848995,259065.125,274845.075,1666.175,1721.5,4.6514421590670185,160
math_to_reasoning,abrupt,24,lfu_decay(alpha=0.95),685455.0,432616.0,252839.0,0.36886301799534615,0.3629703157042497,0.37529036703483526,243913.275,261003.025,1580.24375,1584.0,4.204659995357709,160
math_to_reasoning,abrupt,32,lfu_decay(alpha=0.95),428958.0,235782.0,193176.0,0.4503377953086316,0.44533321312012253,0.4554135106777954,186313.675,200545.82499999998,1207.35,1226.0,3.701416123002935,160
mixed_interleaved,mixed,8,lru,2994367.0,2994367.0,0.0,0.0,0.0,0.0,0.0,0.0,0.0,0.0,0.0,320
mixed_interleaved,mixed,12,lfu_decay(alpha=0.95),2322183.0,1898544.0,423639.0,0.18243135876888256,0.17983541573677062,0.18502442448296968,414625.6,432773.325,1323.871875,1361.5,4.614998348885249,320
mixed_interleaved,mixed,16,lfu_decay(alpha=0.95),1894325.0,1377663.0,516662.0,0.27274200572763385,0.2691071107408147,0.2761934519127029,503541.075,527978.075,1614.56875,1633.5,3.9371726919018863,320
mixed_interleaved,mixed,24,lfu_decay(alpha=0.95),1257349.0,771488.0,485861.0,0.3864169773070166,0.38237526082552925,0.3908071511457658,471982.3,500583.475,1518.315625,1500.0,3.230765716879398,320
mixed_interleaved,mixed,32,lfu_decay(alpha=0.95),790086.0,420918.0,369168.0,0.46725040058930295,0.46331545552876713,0.47067625110223366,356938.1,381941.375,1153.65,1149.0,2.70527261525307,320
repeated_domain_cycle,repeated,8,lru,936595.0,936595.0,0.0,0.0,0.0,0.0,0.0,0.0,0.0,0.0,0.0,100
repeated_domain_cycle,repeated,12,lfu_decay(alpha=0.95),727303.0,598832.0,128471.0,0.17664027234866347,0.17175888533266445,0.18198827031986523,123159.8,134082.05,1284.71,1367.5,3.907828621406399,100
repeated_domain_cycle,repeated,16,lfu_decay(alpha=0.95),592679.0,436094.0,156585.0,0.2641986640323008,0.2567082154469003,0.27158198725839305,148710.9,165114.2,1565.85,1633.5,3.296659461494723,100
repeated_domain_cycle,repeated,24,lfu_decay(alpha=0.95),390600.0,244364.0,146236.0,0.3743881208397337,0.3647326025640694,0.3832344828622918,136762.45,155826.475,1462.36,1531.5,2.6837542847645364,100
repeated_domain_cycle,repeated,32,lfu_decay(alpha=0.95),243124.0,132133.0,110991.0,0.4565201296457775,0.4475494885761182,0.46422107072800933,102774.275,118828.4,1109.91,1123.0,2.3356063391525463,100
stationary_coding,stationary,8,lru,690459.0,690459.0,0.0,0.0,0.0,0.0,0.0,0.0,0.0,0.0,0.0,80
stationary_coding,stationary,12,lfu_decay(alpha=0.95),478097.0,387103.0,90994.0,0.19032539421916472,0.18327507991516284,0.1962098639532664,87694.35,93577.2,1137.425,1167.0,6.91281813237815,80
stationary_coding,stationary,16,lfu_decay(alpha=0.95),362112.0,258999.0,103113.0,0.28475444061505834,0.27646226491726394,0.2935748018869617,99763.85,106607.05,1288.9125,1334.0,6.391743041901774,80
stationary_coding,stationary,24,lfu_decay(alpha=0.95),214192.0,128628.0,85564.0,0.3994733696870098,0.3909467229910309,0.40540489726549667,82272.725,88106.4,1069.55,1102.5,5.803178884187087,80
stationary_coding,stationary,32,lfu_decay(alpha=0.95),122784.0,65310.0,57474.0,0.46809030492572323,0.45945724446007663,0.4736098347587815,54595.975,59676.075,718.425,749.0,4.6541410234370195,80
stationary_general,stationary,8,lru,743541.0,743541.0,0.0,0.0,0.0,0.0,0.0,0.0,0.0,0.0,0.0,80
stationary_general,stationary,12,lfu_decay(alpha=0.95),591023.0,490816.0,100207.0,0.16954839320973972,0.16506430792434842,0.1747300389178415,94473.375,105988.525,1252.5875,1371.0,3.5043459846877694,80
stationary_general,stationary,16,lfu_decay(alpha=0.95),488647.0,361227.0,127420.0,0.2607608355315801,0.2535980166298442,0.26826074988159193,117496.175,136627.5,1592.75,1746.0,2.9979210342162115,80
stationary_general,stationary,24,lfu_decay(alpha=0.95),330793.0,206469.0,124324.0,0.37583624804636134,0.36618047912069573,0.38587105092956037,113549.4,134783.15,1554.05,1721.5,2.5610319115401503,80
stationary_general,stationary,32,lfu_decay(alpha=0.95),211706.0,114832.0,96874.0,0.4575874089539267,0.44697877759661514,0.46752736043762444,87798.375,105207.475,1210.925,1312.5,2.2658992351606217,80
stationary_math,stationary,8,lru,756075.0,756075.0,0.0,0.0,0.0,0.0,0.0,0.0,0.0,0.0,0.0,80
stationary_math,stationary,12,lfu_decay(alpha=0.95),586400.0,487947.0,98453.0,0.16789392905866302,0.16243798969865034,0.17402340254414028,93715.225,103520.5,1230.6625,1220.0,4.4156303911543,80
stationary_math,stationary,16,lfu_decay(alpha=0.95),481163.0,359594.0,121569.0,0.2526565841513167,0.2433993745515688,0.2607056936352253,114660.0,128589.05,1519.6125,1528.5,3.8380210938906494,80
stationary_math,stationary,24,lfu_decay(alpha=0.95),318036.0,202555.0,115481.0,0.3631066923241394,0.3533349804615712,0.37266377913762627,108464.25,122552.025,1443.5125,1462.5,3.5025006597042094,80
stationary_math,stationary,32,lfu_decay(alpha=0.95),193152.0,106587.0,86565.0,0.4481703528827038,0.4394802930327475,0.456512186271135,80875.425,92238.97499999999,1082.0625,1068.5,3.187529315092821,80
stationary_reasoning,stationary,8,lru,802545.0,802545.0,0.0,0.0,0.0,0.0,0.0,0.0,0.0,0.0,0.0,80
stationary_reasoning,stationary,12,lfu_decay(alpha=0.95),650118.0,530522.0,119596.0,0.1839604502567226,0.1806756362834219,0.18718830239763595,116847.175,122249.225,1494.95,1494.5,9.207039244101686,80
stationary_reasoning,stationary,16,lfu_decay(alpha=0.95),540368.0,395463.0,144905.0,0.2681598466230421,0.26309393409303083,0.2732617344882305,140670.7,149054.325,1811.3125,1802.5,7.589159267104514,80
stationary_reasoning,stationary,24,lfu_decay(alpha=0.95),367556.0,230349.0,137207.0,0.37329549782890226,0.36614603411812496,0.3801314862905265,132266.75,141994.95,1715.0875,1729.5,6.247056199805707,80
stationary_reasoning,stationary,32,lfu_decay(alpha=0.95),236020.0,129629.0,106391.0,0.4507711210914329,0.4451538142628063,0.456342549181445,102317.65,110580.725,1329.8875,1354.5,5.194054483910821,80
