method,method_label,method_kind,regime,budget_fraction,budget_bytes,used_protection_bytes,budget_utilization,protected_expert_count,total_projected_expert_bytes,effective_bits_per_weight,coverage_general,coverage_math,coverage_coding,coverage_reasoning,coverage_min,coverage_mean,routing_coverage_min
robust_functional,Robust-Functional,deterministic_milp,4to8,0.05,161061273,160432128,0.9960937537107384,51,3482320896,4.32421875,0.2504194570732099,0.2619468024141709,0.24863939433621055,0.24334117147220166,0.24334117147220166,0.25108670632394825,0.17222002667588793
robust_routing,Robust-Routing,deterministic_milp,4to8,0.05,161061273,160432128,0.9960937537107384,51,3482320896,4.32421875,0.21059149255189544,0.2522634532772741,0.23948418768274898,0.21608272025674047,0.21059149255189544,0.22960546344216473,0.22910019144862787
average_specialization,Average-Specialization,deterministic_milp,4to8,0.05,161061273,160432128,0.9960937537107384,51,3482320896,4.32421875,0.09489888853316453,0.27878818385760307,0.3970673776964887,0.3095546090030166,0.09489888853316453,0.2700772647725682,0.08304084237396295
global_importance,Global-Importance,deterministic_milp,4to8,0.05,161061273,160432128,0.9960937537107384,51,3482320896,4.32421875,0.001338864169389044,0.20608592597645461,0.44506905607705377,0.1145702170744679,0.001338864169389044,0.19176601582434133,0.00042544139544777726
general_only,General-Only,deterministic_milp,4to8,0.05,161061273,160432128,0.9960937537107384,51,3482320896,4.32421875,0.33225131967921945,0.018015736368569877,0.002240172046134385,0.05117583735962821,0.002240172046134385,0.10092076636338798,0.0072494195524378776
math_only,Math-Only,deterministic_milp,4to8,0.05,161061273,160432128,0.9960937537107384,51,3482320896,4.32421875,0.0004435853860928761,0.42937709828282944,0.11841013075128169,0.03333341925525366,0.0004435853860928761,0.1453910584188644,0.0
coding_only,Coding-Only,deterministic_milp,4to8,0.05,161061273,160432128,0.9960937537107384,51,3482320896,4.32421875,0.0004435853860928761,0.0,0.6521788524854577,0.024456609317579068,0.0,0.16926976179728243,0.0
reasoning_only,Reasoning-Only,deterministic_milp,4to8,0.05,161061273,160432128,0.9960937537107384,51,3482320896,4.32421875,0.0011469889737412415,0.01894926420504054,0.03843924039815937,0.42974827737588905,0.0011469889737412415,0.12207094273820755,0.0012231440119123609
random_seed1001,Random (seed 1001),random,4to8,0.05,161061273,160432128,0.9960937537107384,51,3482320896,4.32421875,0.04664031411298249,0.037694465160607385,0.05486056130718528,0.02368869143697186,0.02368869143697186,0.04072100800443675,0.022122052704576976
random_seed1002,Random (seed 1002),random,4to8,0.05,161061273,160432128,0.9960937537107384,51,3482320896,4.32421875,0.04353009184717326,0.0778146210451259,0.036781714357524024,0.024613172615005716,0.024613172615005716,0.045684899966207226,0.021081830790568655
random_seed1003,Random (seed 1003),random,4to8,0.05,161061273,160432128,0.9960937537107384,51,3482320896,4.32421875,0.06520061741118165,0.03591305309685128,0.07047339700017091,0.059485617940299225,0.03591305309685128,0.05776817136212577,0.030890236400386687
random_seed1004,Random (seed 1004),random,4to8,0.05,161061273,160432128,0.9960937537107384,51,3482320896,4.32421875,0.045330195171970226,0.03988541317166572,0.03474092563108321,0.030862850914649357,0.030862850914649357,0.03770484622234213,0.0377253814147018
random_seed1005,Random (seed 1005),random,4to8,0.05,161061273,160432128,0.9960937537107384,51,3482320896,4.32421875,0.02882213493979766,0.019782325591935854,0.04439586836922687,0.06061909895286687,0.019782325591935854,0.038404856963456815,0.022673345636699187
robust_functional,Robust-Functional,deterministic_milp,4to8,0.1,322122547,320864256,0.9960937506184564,102,3642753024,4.5234375,0.3953422664745733,0.39726739287366347,0.3970673776964887,0.39479812853204405,0.39479812853204405,0.3961187913941924,0.27261275502642884
robust_routing,Robust-Routing,deterministic_milp,4to8,0.1,322122547,320864256,0.9960937506184564,102,3642753024,4.5234375,0.3396715792171035,0.3636488498439179,0.40928941756743664,0.3723988963245528,0.3396715792171035,0.3712521857382527,0.3699212933418421
average_specialization,Average-Specialization,deterministic_milp,4to8,0.1,322122547,320864256,0.9960937506184564,102,3642753024,4.5234375,0.23211870990825256,0.4242400759873484,0.6069421252425719,0.4145928362311662,0.23211870990825256,0.4194734368423348,0.213571580514784
global_importance,Global-Importance,deterministic_milp,4to8,0.1,322122547,320864256,0.9960937506184564,102,3642753024,4.5234375,0.001338864169389044,0.2579756009805054,0.6471657114252791,0.27643867905005326,0.001338864169389044,0.2957297139063067,0.0012231440119123609
general_only,General-Only,deterministic_milp,4to8,0.1,322122547,320864256,0.9960937506184564,102,3642753024,4.5234375,0.4747791671633564,0.0910684813607628,0.05425159721886699,0.06973869367045164,0.05425159721886699,0.17245948485335943,0.03474341192787796
math_only,Math-Only,deterministic_milp,4to8,0.1,322122547,320864256,0.9960937506184564,102,3642753024,4.5234375,0.0015269455358011541,0.5900064630541889,0.1359758060841597,0.07718695909989037,0.0015269455358011541,0.20117404344351003,0.002446288023824718
coding_only,Coding-Only,deterministic_milp,4to8,0.1,322122547,320864256,0.9960937506184564,102,3642753024,4.5234375,0.0004435853860928761,0.068332145121167,0.8785800265387698,0.027735323914992175,0.0004435853860928761,0.24377277024025545,0.0
reasoning_only,Reasoning-Only,deterministic_milp,4to8,0.1,322122547,320864256,0.9960937506184564,102,3642753024,4.5234375,0.0015269455358011541,0.044188525077634745,0.10293794042078974,0.635181046103859,0.0015269455358011541,0.19595861428452116,0.001701765581791109
random_seed1001,Random (seed 1001),random,4to8,0.1,322122547,320864256,0.9960937506184564,102,3642753024,4.5234375,0.09066929572864754,0.06586383412679671,0.08821370829242932,0.1008993150069237,0.06586383412679671,0.08641153828869932,0.0801036997978733
random_seed1002,Random (seed 1002),random,4to8,0.1,322122547,320864256,0.9960937506184564,102,3642753024,4.5234375,0.0994448320720592,0.1389353099031428,0.11957700286027949,0.05836236636924215,0.05836236636924215,0.1040798778011809,0.052843273231622745
random_seed1003,Random (seed 1003),random,4to8,0.1,322122547,320864256,0.9960937506184564,102,3642753024,4.5234375,0.0957656616379711,0.0829034095960595,0.11188010722588342,0.09026918701048761,0.0829034095960595,0.0952045913676004,0.07970823446700064
random_seed1004,Random (seed 1004),random,4to8,0.1,322122547,320864256,0.9960937506184564,102,3642753024,4.5234375,0.08747726210365858,0.07137422231729557,0.1081903424503106,0.0516853317281744,0.0516853317281744,0.0796817896498598,0.06674757281553398
random_seed1005,Random (seed 1005),random,4to8,0.1,322122547,320864256,0.9960937506184564,102,3642753024,4.5234375,0.06201626097107869,0.08340535741376266,0.060443895105193775,0.15434386195759373,0.060443895105193775,0.09005234386190722,0.06686261917699944
robust_functional,Robust-Functional,deterministic_milp,4to8,0.2,644245094,641728512,0.9960937506184564,204,3963617280,4.921875,0.5825781651679067,0.5872040306633434,0.5858990281811531,0.5862638748740006,0.5825781651679067,0.585486274721601,0.4687916810749395
robust_routing,Robust-Routing,deterministic_milp,4to8,0.2,644245094,641728512,0.9960937506184564,204,3963617280,4.921875,0.5115506724456187,0.5460106902322726,0.5874687668249429,0.5560412028615942,0.5115506724456187,0.550267833091107,0.5606796116504855
average_specialization,Average-Specialization,deterministic_milp,4to8,0.2,644245094,641728512,0.9960937506184564,204,3963617280,4.921875,0.4316455309381456,0.6171209063717683,0.7516117904820294,0.6049922837140616,0.4316455309381456,0.6013426278765013,0.42201127419697915
global_importance,Global-Importance,deterministic_milp,4to8,0.2,644245094,641728512,0.9960937506184564,204,3963617280,4.921875,0.09572000152871439,0.35558235277764993,0.8083845276118692,0.4705457421480606,0.09572000152871439,0.4325581560165735,0.08234950010636032
general_only,General-Only,deterministic_milp,4to8,0.2,644245094,641728512,0.9960937506184564,204,3963617280,4.921875,0.638584537835638,0.17055977646612286,0.08364851057342108,0.10668577774937582,0.08364851057342108,0.24986965065613942,0.07066574202496533
math_only,Math-Only,deterministic_milp,4to8,0.2,644245094,641728512,0.9960937506184564,204,3963617280,4.921875,0.02830173848990511,0.7615981973538104,0.18631175790896626,0.1791907008703403,0.02830173848990511,0.2888505986557555,0.022282493086577315
coding_only,Coding-Only,deterministic_milp,4to8,0.2,644245094,641728512,0.9960937506184564,204,3963617280,4.921875,0.014328007051402362,0.24068520624024536,0.9885541719914118,0.1637520866860201,0.014328007051402362,0.3518298679922699,0.003084450116996384
reasoning_only,Reasoning-Only,deterministic_milp,4to8,0.2,644245094,641728512,0.9960937506184564,204,3963617280,4.921875,0.014200597784072004,0.2020950430422889,0.1669570604238735,0.747976678500593,0.014200597784072004,0.2828073449377069,0.012603701340140393
random_seed1001,Random (seed 1001),random,4to8,0.2,644245094,641728512,0.9960937506184564,204,3963617280,4.921875,0.17153437635549945,0.15842227545395457,0.18669581194281504,0.19420157285921907,0.15842227545395457,0.17771350915287204,0.15163898409350557
random_seed1002,Random (seed 1002),random,4to8,0.2,644245094,641728512,0.9960937506184564,204,3963617280,4.921875,0.1840066888166512,0.25666414014730043,0.21935728323073594,0.1460757264486451,0.1460757264486451,0.20152595966083317,0.14885575589459085
random_seed1003,Random (seed 1003),random,4to8,0.2,644245094,641728512,0.9960937506184564,204,3963617280,4.921875,0.19873250789269375,0.21000504593939426,0.2170988312646762,0.2342405673191463,0.19873250789269375,0.21501923810397763,0.175739761893
random_seed1004,Random (seed 1004),random,4to8,0.2,644245094,641728512,0.9960937506184564,204,3963617280,4.921875,0.21390150364874655,0.1938053956660795,0.2143171059250764,0.17513755133935624,0.17513755133935624,0.19929038914481467,0.18637309292649096
random_seed1005,Random (seed 1005),random,4to8,0.2,644245094,641728512,0.9960937506184564,204,3963617280,4.921875,0.18747118300955656,0.22096256555842692,0.1961439619574488,0.2707738852354691,0.18747118300955656,0.21883789894022534,0.18549622091587212
robust_functional,Robust-Functional,deterministic_milp,4to8,0.3,966367641,965738496,0.9993489589538108,307,4287627264,5.32421875,0.7200118245633095,0.7203755865655739,0.719617406754772,0.7196257129000131,0.719617406754772,0.7199076326959171,0.5904299583911234
robust_routing,Robust-Routing,deterministic_milp,4to8,0.3,966367641,965738496,0.9993489589538108,307,4287627264,5.32421875,0.6394350492540387,0.6490438929368748,0.7338128785117275,0.6673975215872892,0.6394350492540387,0.6724223355724825,0.6905703488883035
average_specialization,Average-Specialization,deterministic_milp,4to8,0.3,966367641,965738496,0.9993489589538108,307,4287627264,5.32421875,0.6534314688931833,0.730388918941125,0.8509715837169156,0.6811360310411921,0.6534314688931833,0.728982000648104,0.5604715672676839
global_importance,Global-Importance,deterministic_milp,4to8,0.3,966367641,965738496,0.9993489589538108,307,4287627264,5.32421875,0.20270578741682505,0.512207832496625,0.856804274704831,0.6055742305374933,0.20270578741682505,0.5443230312889435,0.1612954690491384
general_only,General-Only,deterministic_milp,4to8,0.3,966367641,965738496,0.9993489589538108,307,4287627264,5.32421875,0.7654279109057442,0.296916462149576,0.11768961917014024,0.17555266853214777,0.11768961917014024,0.3388966651894021,0.11154473151212763
math_only,Math-Only,deterministic_milp,4to8,0.3,966367641,965738496,0.9993489589538108,307,4287627264,5.32421875,0.05352595367165932,0.8708424984163271,0.22540011164676593,0.3347089497260248,0.05352595367165932,0.37111937836519426,0.04565517974898957
coding_only,Coding-Only,deterministic_milp,4to8,0.3,966367641,965738496,0.9993489589538108,307,4287627264,5.32421875,0.07784457460015923,0.2952930353024292,0.9957536819341702,0.3357233452074235,0.07784457460015923,0.42615365926104554,0.05179748989576683
reasoning_only,Reasoning-Only,deterministic_milp,4to8,0.3,966367641,965738496,0.9993489589538108,307,4287627264,5.32421875,0.024601807264154552,0.4377151062479681,0.2090121569575684,0.840675066454243,0.024601807264154552,0.3780010342309835,0.022867475005318008
random_seed1001,Random (seed 1001),random,4to8,0.3,966367641,965738496,0.9993489589538108,307,4287627264,5.32421875,0.31114044186706635,0.25261971935725874,0.3265832596243446,0.2505349717865938,0.2505349717865938,0.2852195981588158,0.2509361997226075
random_seed1002,Random (seed 1002),random,4to8,0.3,966367641,965738496,0.9993489589538108,307,4287627264,5.32421875,0.3277844673884111,0.33318792458418534,0.3540847193245515,0.3027953480318731,0.3027953480318731,0.32946311483225527,0.2754854368932039
random_seed1003,Random (seed 1003),random,4to8,0.3,966367641,965738496,0.9993489589538108,307,4287627264,5.32421875,0.3285907965932911,0.30462487964258816,0.3010746826537062,0.33843860621958716,0.3010746826537062,0.31818224127729317,0.26547448500716286
random_seed1004,Random (seed 1004),random,4to8,0.3,966367641,965738496,0.9993489589538108,307,4287627264,5.32421875,0.3005547737565689,0.2704655611478623,0.3521216705751365,0.2623833078212518,0.2623833078212518,0.29638132832520486,0.27447988904299586
random_seed1005,Random (seed 1005),random,4to8,0.3,966367641,965738496,0.9993489589538108,307,4287627264,5.32421875,0.278243456403808,0.3217554117442791,0.325921369901473,0.36766826290675714,0.278243456403808,0.32339712523907926,0.28387577111252926
robust_functional,Robust-Functional,deterministic_milp,3to8,0.05,201326592,200540160,0.99609375,51,2717122560,3.3740234375,0.2504194570732099,0.2619468024141709,0.24863939433621055,0.24334117147220166,0.24334117147220166,0.25108670632394825,0.17222002667588793
robust_routing,Robust-Routing,deterministic_milp,3to8,0.05,201326592,200540160,0.99609375,51,2717122560,3.3740234375,0.21059149255189544,0.2522634532772741,0.23948418768274898,0.21608272025674047,0.21059149255189544,0.22960546344216473,0.22910019144862787
average_specialization,Average-Specialization,deterministic_milp,3to8,0.05,201326592,200540160,0.99609375,51,2717122560,3.3740234375,0.09489888853316453,0.27878818385760307,0.3970673776964887,0.3095546090030166,0.09489888853316453,0.2700772647725682,0.08304084237396295
global_importance,Global-Importance,deterministic_milp,3to8,0.05,201326592,200540160,0.99609375,51,2717122560,3.3740234375,0.001338864169389044,0.20608592597645461,0.44506905607705377,0.1145702170744679,0.001338864169389044,0.19176601582434133,0.00042544139544777726
general_only,General-Only,deterministic_milp,3to8,0.05,201326592,200540160,0.99609375,51,2717122560,3.3740234375,0.33225131967921945,0.018015736368569877,0.002240172046134385,0.05117583735962821,0.002240172046134385,0.10092076636338798,0.0072494195524378776
math_only,Math-Only,deterministic_milp,3to8,0.05,201326592,200540160,0.99609375,51,2717122560,3.3740234375,0.0004435853860928761,0.42937709828282944,0.11841013075128169,0.03333341925525366,0.0004435853860928761,0.1453910584188644,0.0
coding_only,Coding-Only,deterministic_milp,3to8,0.05,201326592,200540160,0.99609375,51,2717122560,3.3740234375,0.0004435853860928761,0.0,0.6521788524854577,0.024456609317579068,0.0,0.16926976179728243,0.0
reasoning_only,Reasoning-Only,deterministic_milp,3to8,0.05,201326592,200540160,0.99609375,51,2717122560,3.3740234375,0.0011469889737412415,0.01894926420504054,0.03843924039815937,0.42974827737588905,0.0011469889737412415,0.12207094273820755,0.0012231440119123609
random_seed1001,Random (seed 1001),random,3to8,0.05,201326592,200540160,0.99609375,51,2717122560,3.3740234375,0.04664031411298249,0.037694465160607385,0.05486056130718528,0.02368869143697186,0.02368869143697186,0.04072100800443675,0.022122052704576976
random_seed1002,Random (seed 1002),random,3to8,0.05,201326592,200540160,0.99609375,51,2717122560,3.3740234375,0.04353009184717326,0.0778146210451259,0.036781714357524024,0.024613172615005716,0.024613172615005716,0.045684899966207226,0.021081830790568655
random_seed1003,Random (seed 1003),random,3to8,0.05,201326592,200540160,0.99609375,51,2717122560,3.3740234375,0.06520061741118165,0.03591305309685128,0.07047339700017091,0.059485617940299225,0.03591305309685128,0.05776817136212577,0.030890236400386687
random_seed1004,Random (seed 1004),random,3to8,0.05,201326592,200540160,0.99609375,51,2717122560,3.3740234375,0.045330195171970226,0.03988541317166572,0.03474092563108321,0.030862850914649357,0.030862850914649357,0.03770484622234213,0.0377253814147018
random_seed1005,Random (seed 1005),random,3to8,0.05,201326592,200540160,0.99609375,51,2717122560,3.3740234375,0.02882213493979766,0.019782325591935854,0.04439586836922687,0.06061909895286687,0.019782325591935854,0.038404856963456815,0.022673345636699187
robust_functional,Robust-Functional,deterministic_milp,3to8,0.1,402653184,401080320,0.99609375,102,2917662720,3.623046875,0.3953422664745733,0.39726739287366347,0.3970673776964887,0.39479812853204405,0.39479812853204405,0.3961187913941924,0.27261275502642884
robust_routing,Robust-Routing,deterministic_milp,3to8,0.1,402653184,401080320,0.99609375,102,2917662720,3.623046875,0.3396715792171035,0.3636488498439179,0.40928941756743664,0.3723988963245528,0.3396715792171035,0.3712521857382527,0.3699212933418421
average_specialization,Average-Specialization,deterministic_milp,3to8,0.1,402653184,401080320,0.99609375,102,2917662720,3.623046875,0.23211870990825256,0.4242400759873484,0.6069421252425719,0.4145928362311662,0.23211870990825256,0.4194734368423348,0.213571580514784
global_importance,Global-Importance,deterministic_milp,3to8,0.1,402653184,401080320,0.99609375,102,2917662720,3.623046875,0.001338864169389044,0.2579756009805054,0.6471657114252791,0.27643867905005326,0.001338864169389044,0.2957297139063067,0.0012231440119123609
general_only,General-Only,deterministic_milp,3to8,0.1,402653184,401080320,0.99609375,102,2917662720,3.623046875,0.4747791671633564,0.0910684813607628,0.05425159721886699,0.06973869367045164,0.05425159721886699,0.17245948485335943,0.03474341192787796
math_only,Math-Only,deterministic_milp,3to8,0.1,402653184,401080320,0.99609375,102,2917662720,3.623046875,0.0015269455358011541,0.5900064630541889,0.1359758060841597,0.07718695909989037,0.0015269455358011541,0.20117404344351003,0.002446288023824718
coding_only,Coding-Only,deterministic_milp,3to8,0.1,402653184,401080320,0.99609375,102,2917662720,3.623046875,0.0004435853860928761,0.068332145121167,0.8785800265387698,0.027735323914992175,0.0004435853860928761,0.24377277024025545,0.0
reasoning_only,Reasoning-Only,deterministic_milp,3to8,0.1,402653184,401080320,0.99609375,102,2917662720,3.623046875,0.0015269455358011541,0.044188525077634745,0.10293794042078974,0.635181046103859,0.0015269455358011541,0.19595861428452116,0.001701765581791109
random_seed1001,Random (seed 1001),random,3to8,0.1,402653184,401080320,0.99609375,102,2917662720,3.623046875,0.09066929572864754,0.06586383412679671,0.08821370829242932,0.1008993150069237,0.06586383412679671,0.08641153828869932,0.0801036997978733
random_seed1002,Random (seed 1002),random,3to8,0.1,402653184,401080320,0.99609375,102,2917662720,3.623046875,0.0994448320720592,0.1389353099031428,0.11957700286027949,0.05836236636924215,0.05836236636924215,0.1040798778011809,0.052843273231622745
random_seed1003,Random (seed 1003),random,3to8,0.1,402653184,401080320,0.99609375,102,2917662720,3.623046875,0.0957656616379711,0.0829034095960595,0.11188010722588342,0.09026918701048761,0.0829034095960595,0.0952045913676004,0.07970823446700064
random_seed1004,Random (seed 1004),random,3to8,0.1,402653184,401080320,0.99609375,102,2917662720,3.623046875,0.08747726210365858,0.07137422231729557,0.1081903424503106,0.0516853317281744,0.0516853317281744,0.0796817896498598,0.06674757281553398
random_seed1005,Random (seed 1005),random,3to8,0.1,402653184,401080320,0.99609375,102,2917662720,3.623046875,0.06201626097107869,0.08340535741376266,0.060443895105193775,0.15434386195759373,0.060443895105193775,0.09005234386190722,0.06686261917699944
robust_functional,Robust-Functional,deterministic_milp,3to8,0.2,805306368,802160640,0.99609375,204,3318743040,4.12109375,0.5825781651679067,0.5872040306633434,0.5858990281811531,0.5862638748740006,0.5825781651679067,0.585486274721601,0.4687916810749395
robust_routing,Robust-Routing,deterministic_milp,3to8,0.2,805306368,802160640,0.99609375,204,3318743040,4.12109375,0.5115506724456187,0.5460106902322726,0.5874687668249429,0.5560412028615942,0.5115506724456187,0.550267833091107,0.5606796116504855
average_specialization,Average-Specialization,deterministic_milp,3to8,0.2,805306368,802160640,0.99609375,204,3318743040,4.12109375,0.4316455309381456,0.6171209063717683,0.7516117904820294,0.6049922837140616,0.4316455309381456,0.6013426278765013,0.42201127419697915
global_importance,Global-Importance,deterministic_milp,3to8,0.2,805306368,802160640,0.99609375,204,3318743040,4.12109375,0.09572000152871439,0.35558235277764993,0.8083845276118692,0.4705457421480606,0.09572000152871439,0.4325581560165735,0.08234950010636032
general_only,General-Only,deterministic_milp,3to8,0.2,805306368,802160640,0.99609375,204,3318743040,4.12109375,0.638584537835638,0.17055977646612286,0.08364851057342108,0.10668577774937582,0.08364851057342108,0.24986965065613942,0.07066574202496533
math_only,Math-Only,deterministic_milp,3to8,0.2,805306368,802160640,0.99609375,204,3318743040,4.12109375,0.02830173848990511,0.7615981973538104,0.18631175790896626,0.1791907008703403,0.02830173848990511,0.2888505986557555,0.022282493086577315
coding_only,Coding-Only,deterministic_milp,3to8,0.2,805306368,802160640,0.99609375,204,3318743040,4.12109375,0.014328007051402362,0.24068520624024536,0.9885541719914118,0.1637520866860201,0.014328007051402362,0.3518298679922699,0.003084450116996384
reasoning_only,Reasoning-Only,deterministic_milp,3to8,0.2,805306368,802160640,0.99609375,204,3318743040,4.12109375,0.014200597784072004,0.2020950430422889,0.1669570604238735,0.747976678500593,0.014200597784072004,0.2828073449377069,0.012603701340140393
random_seed1001,Random (seed 1001),random,3to8,0.2,805306368,802160640,0.99609375,204,3318743040,4.12109375,0.17153437635549945,0.15842227545395457,0.18669581194281504,0.19420157285921907,0.15842227545395457,0.17771350915287204,0.15163898409350557
random_seed1002,Random (seed 1002),random,3to8,0.2,805306368,802160640,0.99609375,204,3318743040,4.12109375,0.1840066888166512,0.25666414014730043,0.21935728323073594,0.1460757264486451,0.1460757264486451,0.20152595966083317,0.14885575589459085
random_seed1003,Random (seed 1003),random,3to8,0.2,805306368,802160640,0.99609375,204,3318743040,4.12109375,0.19873250789269375,0.21000504593939426,0.2170988312646762,0.2342405673191463,0.19873250789269375,0.21501923810397763,0.175739761893
random_seed1004,Random (seed 1004),random,3to8,0.2,805306368,802160640,0.99609375,204,3318743040,4.12109375,0.21390150364874655,0.1938053956660795,0.2143171059250764,0.17513755133935624,0.17513755133935624,0.19929038914481467,0.18637309292649096
random_seed1005,Random (seed 1005),random,3to8,0.2,805306368,802160640,0.99609375,204,3318743040,4.12109375,0.18747118300955656,0.22096256555842692,0.1961439619574488,0.2707738852354691,0.18747118300955656,0.21883789894022534,0.18549622091587212
robust_functional,Robust-Functional,deterministic_milp,3to8,0.3,1207959552,1207173120,0.9993489583333334,307,3723755520,4.6240234375,0.7200118245633095,0.7203755865655739,0.719617406754772,0.7196257129000131,0.719617406754772,0.7199076326959171,0.5904299583911234
robust_routing,Robust-Routing,deterministic_milp,3to8,0.3,1207959552,1207173120,0.9993489583333334,307,3723755520,4.6240234375,0.6394350492540387,0.6490438929368748,0.7338128785117275,0.6673975215872892,0.6394350492540387,0.6724223355724825,0.6905703488883035
average_specialization,Average-Specialization,deterministic_milp,3to8,0.3,1207959552,1207173120,0.9993489583333334,307,3723755520,4.6240234375,0.6534314688931833,0.730388918941125,0.8509715837169156,0.6811360310411921,0.6534314688931833,0.728982000648104,0.5604715672676839
global_importance,Global-Importance,deterministic_milp,3to8,0.3,1207959552,1207173120,0.9993489583333334,307,3723755520,4.6240234375,0.20270578741682505,0.512207832496625,0.856804274704831,0.6055742305374933,0.20270578741682505,0.5443230312889435,0.1612954690491384
general_only,General-Only,deterministic_milp,3to8,0.3,1207959552,1207173120,0.9993489583333334,307,3723755520,4.6240234375,0.7654279109057442,0.296916462149576,0.11768961917014024,0.17555266853214777,0.11768961917014024,0.3388966651894021,0.11154473151212763
math_only,Math-Only,deterministic_milp,3to8,0.3,1207959552,1207173120,0.9993489583333334,307,3723755520,4.6240234375,0.05352595367165932,0.8708424984163271,0.22540011164676593,0.3347089497260248,0.05352595367165932,0.37111937836519426,0.04565517974898957
coding_only,Coding-Only,deterministic_milp,3to8,0.3,1207959552,1207173120,0.9993489583333334,307,3723755520,4.6240234375,0.07784457460015923,0.2952930353024292,0.9957536819341702,0.3357233452074235,0.07784457460015923,0.42615365926104554,0.05179748989576683
reasoning_only,Reasoning-Only,deterministic_milp,3to8,0.3,1207959552,1207173120,0.9993489583333334,307,3723755520,4.6240234375,0.024601807264154552,0.4377151062479681,0.2090121569575684,0.840675066454243,0.024601807264154552,0.3780010342309835,0.022867475005318008
random_seed1001,Random (seed 1001),random,3to8,0.3,1207959552,1207173120,0.9993489583333334,307,3723755520,4.6240234375,0.31114044186706635,0.25261971935725874,0.3265832596243446,0.2505349717865938,0.2505349717865938,0.2852195981588158,0.2509361997226075
random_seed1002,Random (seed 1002),random,3to8,0.3,1207959552,1207173120,0.9993489583333334,307,3723755520,4.6240234375,0.3277844673884111,0.33318792458418534,0.3540847193245515,0.3027953480318731,0.3027953480318731,0.32946311483225527,0.2754854368932039
random_seed1003,Random (seed 1003),random,3to8,0.3,1207959552,1207173120,0.9993489583333334,307,3723755520,4.6240234375,0.3285907965932911,0.30462487964258816,0.3010746826537062,0.33843860621958716,0.3010746826537062,0.31818224127729317,0.26547448500716286
random_seed1004,Random (seed 1004),random,3to8,0.3,1207959552,1207173120,0.9993489583333334,307,3723755520,4.6240234375,0.3005547737565689,0.2704655611478623,0.3521216705751365,0.2623833078212518,0.2623833078212518,0.29638132832520486,0.27447988904299586
random_seed1005,Random (seed 1005),random,3to8,0.3,1207959552,1207173120,0.9993489583333334,307,3723755520,4.6240234375,0.278243456403808,0.3217554117442791,0.325921369901473,0.36766826290675714,0.278243456403808,0.32339712523907926,0.28387577111252926
